year,month,day,hour,minute,second,temperature,humidity,pressure,gas_resistance
2023,5,18,-1,59,3,29.81,45.282,998.29,1274976.0
2023,5,18,-1,59,5,29.81,45.385,998.29,1278626.0
2023,5,18,-1,59,8,29.82,45.385,998.31,1277407.0
2023,5,18,-1,59,10,29.82,45.540,998.29,1278626.0
2023,5,18,-1,59,12,29.82,45.540,998.27,1277407.0
2023,5,18,-1,59,14,29.82,45.754,998.29,1279847.0
2023,5,18,-1,59,16,29.82,45.875,998.25,1272555.0
2023,5,18,-1,59,19,29.82,45.875,998.29,1270142.0
2023,5,18,-1,59,21,29.82,45.875,998.27,1283525.0
2023,5,18,-1,59,23,29.82,45.875,998.25,1287224.0
2023,5,18,-1,59,25,29.82,45.772,998.27,1272555.0
2023,5,18,-1,59,27,29.83,45.772,998.29,1273764.0
2023,5,18,-1,59,30,29.83,45.772,998.25,1271347.0
2023,5,18,-1,59,32,29.83,45.772,998.25,1267739.0
2023,5,18,-1,59,34,29.83,45.647,998.27,1268939.0
2023,5,18,-1,59,36,29.84,45.647,998.31,1277407.0
2023,5,18,-1,59,38,29.83,45.480,998.27,1271347.0
2023,5,18,-1,59,40,29.83,45.480,998.25,1274976.0
2023,5,18,-1,59,43,29.83,45.480,998.29,1268939.0
2023,5,18,-1,59,45,29.83,45.480,998.25,1270142.0
2023,5,18,-1,59,47,29.83,45.480,998.27,1272555.0
2023,5,18,-1,59,49,29.82,45.480,998.27,1272555.0
2023,5,18,-1,59,51,29.82,45.480,998.29,1267739.0
2023,5,18,-1,59,54,29.82,45.480,998.25,1268939.0
2023,5,18,-1,59,56,29.83,45.639,998.21,1270142.0
2023,5,18,-1,59,58,29.83,45.639,998.27,1272555.0
2023,5,18,0,0,0,29.83,45.506,998.25,1273764.0
2023,5,18,0,0,2,29.83,45.310,998.27,1270142.0
2023,5,18,0,0,5,29.82,45.069,998.25,1277407.0
2023,5,18,0,0,7,29.83,44.864,998.27,1279847.0
2023,5,18,0,0,9,29.83,44.694,998.27,1276190.0
2023,5,18,0,0,11,29.83,44.560,998.23,1274976.0
2023,5,18,0,0,13,29.83,44.560,998.25,1274976.0
2023,5,18,0,0,16,29.83,44.457,998.23,1265345.0
2023,5,18,0,0,18,29.83,44.457,998.21,1281071.0
2023,5,18,0,0,20,29.84,44.457,998.27,1279847.0
2023,5,18,0,0,22,29.84,44.572,998.25,1282297.0
2023,5,18,0,0,24,29.84,44.572,998.23,1285988.0
2023,5,18,0,0,26,29.84,44.791,998.23,1283525.0
2023,5,18,0,0,29,29.84,44.962,998.21,1282297.0
2023,5,18,0,0,31,29.84,44.962,998.23,1265345.0
2023,5,18,0,0,33,29.84,44.962,998.23,1276190.0
2023,5,18,0,0,35,29.84,44.962,998.25,1270142.0
2023,5,18,0,0,37,29.84,44.822,998.25,1281071.0
2023,5,18,0,0,40,29.84,44.822,998.21,1278626.0
2023,5,18,0,0,42,29.84,44.962,998.23,1270142.0
2023,5,18,0,0,44,29.84,44.962,998.25,1277407.0
2023,5,18,0,0,46,29.85,45.158,998.21,1279847.0
2023,5,18,0,0,48,29.84,45.279,998.21,1279847.0
2023,5,18,0,0,51,29.85,45.279,998.25,1272555.0
2023,5,18,0,0,53,29.84,45.279,998.21,1276190.0
2023,5,18,0,0,55,29.84,45.152,998.19,1279847.0
2023,5,18,0,0,57,29.84,45.152,998.23,1281071.0
2023,5,18,0,0,59,29.84,44.998,998.23,1279847.0
2023,5,18,0,1,2,29.84,44.998,998.23,1277407.0
2023,5,18,0,1,4,29.84,44.998,998.25,1273764.0
2023,5,18,0,1,6,29.83,44.998,998.21,1277407.0
2023,5,18,0,1,8,29.83,44.816,998.23,1281071.0
2023,5,18,0,1,10,29.83,44.676,998.21,1277407.0
2023,5,18,0,1,12,29.83,44.517,998.17,1282297.0
2023,5,18,0,1,15,29.83,44.402,998.16,1273764.0
2023,5,18,0,1,17,29.83,44.402,998.19,1276190.0
2023,5,18,0,1,19,29.84,44.402,998.21,1274976.0
2023,5,18,0,1,21,29.84,44.402,998.21,1276190.0
2023,5,18,0,1,23,29.84,44.402,998.17,1277407.0
2023,5,18,0,1,26,29.85,44.402,998.17,1273764.0
2023,5,18,0,1,28,29.86,44.554,998.19,1282297.0
2023,5,18,0,1,30,29.86,44.664,998.21,1284756.0
2023,5,18,0,1,32,29.87,44.664,998.19,1271347.0
2023,5,18,0,1,34,29.87,44.664,998.23,1271347.0
2023,5,18,0,1,37,29.88,44.664,998.21,1292189.0
2023,5,18,0,1,39,29.89,44.664,998.16,1278626.0
2023,5,18,0,1,41,29.89,44.664,998.19,1282297.0
2023,5,18,0,1,43,29.90,44.664,998.19,1282297.0
2023,5,18,0,1,45,29.90,44.664,998.21,1276190.0
2023,5,18,0,1,48,29.91,44.664,998.23,1283525.0
2023,5,18,0,1,50,29.91,44.664,998.23,1278626.0
2023,5,18,0,1,52,29.92,44.664,998.21,1279847.0
2023,5,18,0,1,54,29.92,44.664,998.21,1279847.0
2023,5,18,0,1,56,29.92,44.664,998.21,1284756.0
2023,5,18,0,1,58,29.92,44.664,998.19,1287224.0
2023,5,18,0,2,1,29.93,44.427,998.16,1288462.0
2023,5,18,0,2,3,29.93,44.258,998.21,1274976.0
2023,5,18,0,2,5,29.93,44.124,998.19,1287224.0
2023,5,18,0,2,7,29.93,43.973,998.17,1287224.0
2023,5,18,0,2,9,29.93,43.822,998.17,1284756.0
2023,5,18,0,2,12,29.93,43.706,998.17,1283525.0
2023,5,18,0,2,14,29.93,43.706,998.21,1290944.0
2023,5,18,0,2,16,29.93,43.706,998.19,1284756.0
2023,5,18,0,2,18,29.93,43.706,998.19,1288462.0
2023,5,18,0,2,20,29.93,43.706,998.16,1287224.0
2023,5,18,0,2,23,29.93,43.561,998.17,1279847.0
2023,5,18,0,2,25,29.93,43.561,998.17,1287224.0
2023,5,18,0,2,27,29.93,43.422,998.16,1287224.0
2023,5,18,0,2,29,29.93,43.422,998.19,1285988.0
2023,5,18,0,2,31,29.93,43.307,998.19,1283525.0
2023,5,18,0,2,34,29.92,43.307,998.19,1274976.0
2023,5,18,0,2,36,29.93,43.411,998.19,1285988.0
2023,5,18,0,2,38,29.93,43.530,998.14,1284756.0
2023,5,18,0,2,40,29.93,43.646,998.19,1282297.0
2023,5,18,0,2,42,29.93,43.748,998.17,1285988.0
2023,5,18,0,2,44,29.93,43.748,998.17,1284756.0
2023,5,18,0,2,47,29.93,43.936,998.17,1288462.0
2023,5,18,0,2,49,29.93,43.936,998.14,1284756.0
2023,5,18,0,2,51,29.93,43.936,998.14,1282297.0
2023,5,18,0,2,53,29.94,43.936,998.17,1290944.0
2023,5,18,0,2,55,29.94,43.936,998.17,1292189.0
2023,5,18,0,2,58,29.94,43.936,998.17,1299709.0
2023,5,18,0,3,0,29.94,43.936,998.16,1288462.0
2023,5,18,0,3,2,29.94,43.936,998.17,1293436.0
2023,5,18,0,3,4,29.95,43.802,998.17,1289702.0
2023,5,18,0,3,6,29.95,43.802,998.19,1290944.0
2023,5,18,0,3,9,29.94,43.642,998.17,1284756.0
2023,5,18,0,3,11,29.95,43.642,998.16,1289702.0
2023,5,18,0,3,13,29.95,43.458,998.17,1287224.0
2023,5,18,0,3,15,29.94,43.458,998.17,1290944.0
2023,5,18,0,3,17,29.94,43.358,998.17,1284756.0
2023,5,18,0,3,20,29.94,43.358,998.17,1287224.0
2023,5,18,0,3,22,29.93,43.358,998.16,1294686.0
2023,5,18,0,3,24,29.93,43.217,998.17,1297193.0
2023,5,18,0,3,26,29.93,43.217,998.19,1294686.0
2023,5,18,0,3,28,29.93,43.217,998.16,1295938.0
2023,5,18,0,3,30,29.94,43.217,998.16,1290944.0
2023,5,18,0,3,33,29.94,43.100,998.16,1288462.0
2023,5,18,0,3,35,29.94,43.100,998.14,1290944.0
2023,5,18,0,3,37,29.94,42.979,998.16,1299709.0
2023,5,18,0,3,39,29.93,42.979,998.16,1299709.0
2023,5,18,0,3,41,29.93,42.819,998.16,1297193.0
2023,5,18,0,3,44,29.93,42.819,998.16,1283525.0
2023,5,18,0,3,46,29.93,43.000,998.14,1300971.0
2023,5,18,0,3,48,29.93,43.114,998.16,1295938.0
2023,5,18,0,3,50,29.94,43.225,998.17,1295938.0
2023,5,18,0,3,52,29.95,43.225,998.16,1298450.0
2023,5,18,0,3,55,29.96,43.395,998.16,1299709.0
2023,5,18,0,3,57,29.96,43.395,998.16,1298450.0
2023,5,18,0,3,59,29.97,43.508,998.16,1299709.0
2023,5,18,0,4,1,29.97,43.508,998.16,1300971.0
2023,5,18,0,4,3,29.98,43.608,998.14,1299709.0
2023,5,18,0,4,6,29.99,43.761,998.16,1295938.0
2023,5,18,0,4,8,29.99,43.996,998.12,1300971.0
2023,5,18,0,4,10,29.99,44.203,998.14,1297193.0
2023,5,18,0,4,12,30.00,44.203,998.14,1287224.0
2023,5,18,0,4,14,30.00,44.203,998.16,1297193.0
2023,5,18,0,4,16,30.00,44.336,998.12,1290944.0
2023,5,18,0,4,19,30.01,44.336,998.12,1294686.0
2023,5,18,0,4,21,30.01,44.336,998.14,1294686.0
2023,5,18,0,4,23,30.01,44.336,998.17,1294686.0
2023,5,18,0,4,25,30.02,44.579,998.16,1293436.0
2023,5,18,0,4,27,30.02,44.579,998.16,1303502.0
2023,5,18,0,4,30,30.02,44.579,998.16,1302235.0
2023,5,18,0,4,32,30.02,44.391,998.14,1297193.0
2023,5,18,0,4,34,30.02,44.118,998.12,1294686.0
2023,5,18,0,4,36,30.02,43.851,998.14,1295938.0
2023,5,18,0,4,38,30.01,43.687,998.12,1299709.0
2023,5,18,0,4,41,30.01,43.547,998.08,1295938.0
2023,5,18,0,4,43,30.01,43.445,998.10,1298450.0
2023,5,18,0,4,45,30.00,43.342,998.12,1299709.0
2023,5,18,0,4,47,30.00,43.342,998.12,1303502.0
2023,5,18,0,4,49,29.99,43.179,998.10,1297193.0
2023,5,18,0,4,52,29.98,43.179,998.10,1299709.0
2023,5,18,0,4,54,29.99,43.047,998.08,1299709.0
2023,5,18,0,4,56,29.98,43.047,998.10,1302235.0
2023,5,18,0,4,58,29.97,42.906,998.12,1299709.0
2023,5,18,0,5,0,29.97,42.906,998.10,1297193.0
2023,5,18,0,5,2,29.97,42.762,998.16,1307317.0
2023,5,18,0,5,5,29.97,42.762,998.10,1309873.0
2023,5,18,0,5,7,29.96,42.762,998.14,1318898.0
2023,5,18,0,5,9,29.96,42.659,998.12,1307317.0
2023,5,18,0,5,11,29.96,42.659,998.12,1303502.0
2023,5,18,0,5,13,29.95,42.659,998.14,1311155.0
2023,5,18,0,5,16,29.95,42.659,998.12,1303502.0
2023,5,18,0,5,18,29.95,42.659,998.14,1300971.0
2023,5,18,0,5,20,29.95,42.659,998.14,1308594.0
2023,5,18,0,5,22,29.95,42.659,998.12,1311155.0
2023,5,18,0,5,24,29.96,42.774,998.12,1309873.0
2023,5,18,0,5,27,29.95,42.774,998.14,1306043.0
2023,5,18,0,5,29,29.96,42.774,998.14,1300971.0
2023,5,18,0,5,31,29.96,42.774,998.10,1308594.0
2023,5,18,0,5,33,29.95,42.774,998.14,1312439.0
2023,5,18,0,5,35,29.96,42.978,998.14,1303502.0
2023,5,18,0,5,38,29.95,43.119,998.14,1304771.0
2023,5,18,0,5,40,29.96,43.442,998.12,1302235.0
2023,5,18,0,5,42,29.97,43.975,998.10,1303502.0
2023,5,18,0,5,44,29.98,44.512,998.10,1298450.0
2023,5,18,0,5,46,29.99,44.805,998.08,1300971.0
2023,5,18,0,5,48,30.00,45.048,998.14,1300971.0
2023,5,18,0,5,51,30.01,45.311,998.06,1298450.0
2023,5,18,0,5,53,30.02,45.549,998.12,1302235.0
2023,5,18,0,5,55,30.02,45.788,998.14,1299709.0
2023,5,18,0,5,57,30.03,46.031,998.12,1297193.0
2023,5,18,0,5,59,30.05,46.196,998.08,1300971.0
2023,5,18,0,6,2,30.05,46.196,998.10,1300971.0
2023,5,18,0,6,4,30.05,46.196,998.10,1300971.0
2023,5,18,0,6,6,30.06,45.816,998.12,1294686.0
2023,5,18,0,6,8,30.06,45.436,998.10,1297193.0
2023,5,18,0,6,10,30.06,45.020,998.14,1299709.0
2023,5,18,0,6,13,30.06,44.643,998.10,1298450.0
2023,5,18,0,6,15,30.06,44.375,998.12,1290944.0
2023,5,18,0,6,17,30.06,44.163,998.10,1300971.0
2023,5,18,0,6,19,30.07,44.020,998.06,1311155.0
2023,5,18,0,6,21,30.07,43.886,998.12,1302235.0
2023,5,18,0,6,23,30.07,43.778,998.12,1297193.0
2023,5,18,0,6,26,30.08,43.778,998.10,1303502.0
2023,5,18,0,6,28,30.08,43.572,998.06,1299709.0
2023,5,18,0,6,30,30.08,43.572,998.08,1307317.0
2023,5,18,0,6,32,30.09,43.335,998.08,1308594.0
2023,5,18,0,6,34,30.09,43.196,998.08,1299709.0
2023,5,18,0,6,37,30.09,43.081,998.10,1300971.0
2023,5,18,0,6,39,30.09,42.979,998.06,1303502.0
2023,5,18,0,6,41,30.08,42.979,998.06,1300971.0
2023,5,18,0,6,43,30.09,42.859,998.06,1309873.0
2023,5,18,0,6,45,30.08,42.859,998.08,1320197.0
2023,5,18,0,6,48,30.08,42.859,998.06,1304771.0
2023,5,18,0,6,50,30.09,42.720,998.08,1309873.0
2023,5,18,0,6,52,30.09,42.720,998.10,1306043.0
2023,5,18,0,6,54,30.08,42.720,998.08,1309873.0
2023,5,18,0,6,56,30.09,42.588,998.08,1309873.0
2023,5,18,0,6,59,30.09,42.588,998.06,1317601.0
2023,5,18,0,7,1,30.08,42.486,998.04,1311155.0
2023,5,18,0,7,3,30.08,42.486,998.08,1318898.0
2023,5,18,0,7,5,30.08,42.372,998.06,1303502.0
2023,5,18,0,7,7,30.08,42.372,998.08,1320197.0
2023,5,18,0,7,9,30.07,42.372,998.06,1312439.0
2023,5,18,0,7,12,30.07,42.372,998.02,1320197.0
2023,5,18,0,7,14,30.07,42.372,998.04,1321499.0
2023,5,18,0,7,16,30.07,42.270,998.08,1309873.0
2023,5,18,0,7,18,30.07,42.270,998.06,1320197.0
2023,5,18,0,7,20,30.06,42.270,998.10,1317601.0
2023,5,18,0,7,23,30.06,42.270,998.06,1313725.0
2023,5,18,0,7,25,30.06,42.160,998.08,1311155.0
2023,5,18,0,7,27,30.05,42.160,998.06,1318898.0
2023,5,18,0,7,29,30.05,42.160,998.06,1313725.0
2023,5,18,0,7,31,30.05,42.160,998.08,1320197.0
2023,5,18,0,7,34,30.04,42.057,998.06,1308594.0
2023,5,18,0,7,36,30.03,42.057,998.06,1312439.0
2023,5,18,0,7,38,30.03,42.057,998.08,1326733.0
2023,5,18,0,7,40,30.03,42.057,998.04,1322804.0
2023,5,18,0,7,42,30.02,42.057,998.08,1317601.0
2023,5,18,0,7,45,30.02,42.057,998.08,1317601.0
2023,5,18,0,7,47,30.02,42.057,998.08,1315015.0
2023,5,18,0,7,49,30.02,42.057,998.06,1322804.0
2023,5,18,0,7,51,30.03,42.057,998.06,1324111.0
2023,5,18,0,7,53,30.03,42.172,998.08,1325420.0
2023,5,18,0,7,55,30.03,42.172,998.08,1317601.0
2023,5,18,0,7,58,30.04,42.172,998.06,1317601.0
2023,5,18,0,8,0,30.04,42.172,998.04,1318898.0
2023,5,18,0,8,2,30.04,42.172,998.06,1318898.0
2023,5,18,0,8,4,30.04,42.172,998.06,1325420.0
2023,5,18,0,8,6,30.03,42.172,998.04,1330685.0
2023,5,18,0,8,9,30.04,42.172,998.04,1317601.0
2023,5,18,0,8,11,30.03,42.040,998.08,1315015.0
2023,5,18,0,8,13,30.03,42.040,998.02,1317601.0
2023,5,18,0,8,15,30.03,42.040,998.06,1312439.0
2023,5,18,0,8,17,30.04,42.040,998.06,1330685.0
2023,5,18,0,8,20,30.03,42.040,998.06,1318898.0
2023,5,18,0,8,22,30.03,42.040,998.08,1322804.0
2023,5,18,0,8,24,30.03,42.040,998.08,1324111.0
2023,5,18,0,8,26,30.02,41.917,998.06,1324111.0
2023,5,18,0,8,28,30.02,41.917,998.06,1325420.0
2023,5,18,0,8,30,30.02,41.917,998.06,1320197.0
2023,5,18,0,8,33,30.01,41.917,998.06,1330685.0
2023,5,18,0,8,35,30.02,41.917,998.04,1328048.0
2023,5,18,0,8,37,30.01,41.917,998.04,1325420.0
2023,5,18,0,8,39,30.01,41.917,998.06,1317601.0
2023,5,18,0,8,41,30.02,41.917,998.04,1324111.0
2023,5,18,0,8,44,30.02,41.917,998.06,1325420.0
2023,5,18,0,8,46,30.02,41.917,998.04,1326733.0
2023,5,18,0,8,48,30.02,41.917,998.02,1325420.0
2023,5,18,0,8,50,30.02,41.917,998.04,1330685.0
2023,5,18,0,8,52,30.02,41.917,998.04,1329365.0
2023,5,18,0,8,55,30.02,41.917,998.04,1329365.0
2023,5,18,0,8,57,30.03,41.917,998.04,1334661.0
2023,5,18,0,8,59,30.03,41.917,998.04,1335992.0
2023,5,18,0,9,1,30.03,41.917,998.04,1326733.0
2023,5,18,0,9,3,30.04,41.917,998.00,1328048.0
2023,5,18,0,9,6,30.04,41.917,998.02,1340000.0
2023,5,18,0,9,8,30.04,41.917,998.04,1325420.0
2023,5,18,0,9,10,30.04,41.917,998.02,1322804.0
2023,5,18,0,9,12,30.04,41.812,998.02,1333333.0
2023,5,18,0,9,14,30.05,41.812,998.00,1330685.0
2023,5,18,0,9,16,30.04,41.812,998.00,1325420.0
2023,5,18,0,9,19,30.04,41.687,998.04,1338661.0
2023,5,18,0,9,21,30.03,41.687,998.02,1320197.0
2023,5,18,0,9,23,30.03,41.687,997.98,1330685.0
2023,5,18,0,9,25,30.03,41.687,998.00,1335992.0
2023,5,18,0,9,27,30.02,41.687,998.02,1333333.0
2023,5,18,0,9,30,30.03,41.687,998.00,1330685.0
2023,5,18,0,9,32,30.03,41.687,998.04,1329365.0
2023,5,18,0,9,34,30.02,41.687,997.98,1338661.0
2023,5,18,0,9,36,30.02,41.687,998.04,1330685.0
2023,5,18,0,9,38,30.02,41.687,998.00,1326733.0
2023,5,18,0,9,41,30.03,41.687,997.98,1322804.0
2023,5,18,0,9,43,30.02,41.687,997.98,1334661.0
2023,5,18,0,9,45,30.02,41.557,998.02,1329365.0
2023,5,18,0,9,47,30.02,41.557,998.00,1333333.0
2023,5,18,0,9,49,30.01,41.557,998.04,1330685.0
2023,5,18,0,9,52,30.01,41.557,998.04,1330685.0
2023,5,18,0,9,54,30.01,41.557,997.94,1328048.0
2023,5,18,0,9,56,30.01,41.557,997.96,1334661.0
2023,5,18,0,9,58,30.01,41.557,998.04,1330685.0
2023,5,18,0,10,0,30.00,41.557,997.96,1333333.0
2023,5,18,0,10,2,30.00,41.557,997.98,1328048.0
2023,5,18,0,10,5,30.00,41.557,997.96,1340000.0
2023,5,18,0,10,7,30.00,41.557,997.96,1329365.0
2023,5,18,0,10,9,30.00,41.456,998.00,1334661.0
2023,5,18,0,10,11,30.00,41.456,998.00,1332008.0
2023,5,18,0,10,13,30.00,41.456,998.00,1335992.0
2023,5,18,0,10,16,30.00,41.456,997.98,1330685.0
2023,5,18,0,10,18,30.00,41.456,997.96,1338661.0
2023,5,18,0,10,20,30.00,41.456,997.98,1333333.0
2023,5,18,0,10,22,29.99,41.456,997.98,1334661.0
2023,5,18,0,10,24,30.00,41.456,997.94,1326733.0
2023,5,18,0,10,27,30.00,41.456,997.96,1328048.0
2023,5,18,0,10,29,29.99,41.456,997.96,1333333.0
2023,5,18,0,10,31,29.99,41.456,997.96,1338661.0
2023,5,18,0,10,33,29.99,41.456,997.92,1335992.0
2023,5,18,0,10,35,29.99,41.456,997.98,1335992.0
2023,5,18,0,10,38,29.99,41.456,997.94,1335992.0
2023,5,18,0,10,40,29.99,41.456,997.98,1334661.0
2023,5,18,0,10,42,29.99,41.456,997.98,1334661.0
2023,5,18,0,10,44,29.99,41.456,997.94,1325420.0
2023,5,18,0,10,46,29.99,41.456,998.00,1340000.0
2023,5,18,0,10,48,29.99,41.456,997.92,1329365.0
2023,5,18,0,10,51,29.99,41.456,997.96,1333333.0
2023,5,18,0,10,53,29.99,41.456,997.96,1342685.0
2023,5,18,0,10,55,29.99,41.456,997.96,1340000.0
2023,5,18,0,10,57,29.99,41.456,997.96,1335992.0
2023,5,18,0,10,59,29.99,41.337,997.96,1342685.0
2023,5,18,0,11,2,29.98,41.337,997.96,1338661.0
2023,5,18,0,11,4,29.98,41.337,997.96,1341341.0
2023,5,18,0,11,6,29.97,41.337,997.98,1338661.0
2023,5,18,0,11,8,29.97,41.337,997.94,1330685.0
2023,5,18,0,11,10,29.96,41.337,997.96,1335992.0
2023,5,18,0,11,13,29.97,41.337,997.94,1338661.0
2023,5,18,0,11,15,29.97,41.337,997.98,1340000.0
2023,5,18,0,11,17,29.96,41.337,997.96,1338661.0
2023,5,18,0,11,19,29.96,41.337,997.96,1342685.0
2023,5,18,0,11,21,29.96,41.337,997.94,1333333.0
2023,5,18,0,11,24,29.96,41.337,997.94,1342685.0
2023,5,18,0,11,26,29.97,41.461,997.98,1346734.0
2023,5,18,0,11,28,29.97,41.461,997.98,1335992.0
2023,5,18,0,11,30,29.98,41.461,997.98,1345382.0
2023,5,18,0,11,32,29.98,41.565,997.94,1341341.0
2023,5,18,0,11,34,29.98,41.565,997.92,1341341.0
2023,5,18,0,11,37,29.99,41.565,997.90,1345382.0
2023,5,18,0,11,39,29.99,41.565,997.96,1337325.0
2023,5,18,0,11,41,29.99,41.565,997.96,1342685.0
2023,5,18,0,11,43,30.00,41.565,997.98,1340000.0
2023,5,18,0,11,45,30.00,41.565,997.94,1344032.0
2023,5,18,0,11,48,30.01,41.565,997.92,1335992.0
2023,5,18,0,11,50,30.01,41.565,997.94,1338661.0
2023,5,18,0,11,52,30.01,41.565,997.92,1340000.0
2023,5,18,0,11,54,30.01,41.565,997.92,1356275.0
2023,5,18,0,11,56,30.01,41.565,997.92,1330685.0
2023,5,18,0,11,59,30.00,41.565,997.96,1338661.0
2023,5,18,0,12,1,30.00,41.565,997.92,1337325.0
2023,5,18,0,12,3,30.00,41.565,997.92,1340000.0
2023,5,18,0,12,5,29.99,41.565,997.94,1344032.0
2023,5,18,0,12,7,30.00,41.565,997.92,1338661.0
2023,5,18,0,12,10,30.00,41.565,997.94,1346734.0
2023,5,18,0,12,12,29.99,41.565,997.94,1340000.0
2023,5,18,0,12,14,29.99,41.565,997.96,1335992.0
2023,5,18,0,12,16,30.00,41.666,997.94,1340000.0
2023,5,18,0,12,18,30.00,41.666,997.94,1340000.0
2023,5,18,0,12,20,30.00,41.666,997.92,1337325.0
2023,5,18,0,12,23,30.01,41.766,997.90,1337325.0
2023,5,18,0,12,25,30.01,41.766,997.92,1344032.0
2023,5,18,0,12,27,30.01,41.766,997.92,1342685.0
2023,5,18,0,12,29,30.01,41.892,997.96,1342685.0
2023,5,18,0,12,31,30.01,41.892,997.94,1342685.0
2023,5,18,0,12,34,30.01,41.892,997.96,1330685.0
2023,5,18,0,12,36,30.01,41.892,997.96,1349446.0
2023,5,18,0,12,38,30.02,41.892,997.94,1342685.0
2023,5,18,0,12,40,30.01,41.892,997.92,1354904.0
2023,5,18,0,12,42,30.02,41.892,997.94,1335992.0
2023,5,18,0,12,45,30.02,41.892,997.94,1345382.0
2023,5,18,0,12,47,30.02,41.892,997.98,1340000.0
2023,5,18,0,12,49,30.02,41.892,997.98,1342685.0
2023,5,18,0,12,51,30.02,41.892,997.96,1344032.0
2023,5,18,0,12,53,30.02,41.892,997.92,1348089.0
2023,5,18,0,12,56,30.02,42.001,997.94,1335992.0
2023,5,18,0,12,58,30.02,42.001,997.92,1341341.0
2023,5,18,0,13,0,30.02,42.001,997.92,1335992.0
2023,5,18,0,13,2,30.03,42.135,997.92,1345382.0
2023,5,18,0,13,4,30.02,42.135,997.92,1353535.0
2023,5,18,0,13,7,30.03,42.135,997.92,1340000.0
2023,5,18,0,13,9,30.03,42.135,997.92,1352170.0
2023,5,18,0,13,11,30.03,42.135,997.96,1346734.0
2023,5,18,0,13,13,30.03,42.135,997.94,1340000.0
2023,5,18,0,13,15,30.03,42.135,997.96,1345382.0
2023,5,18,0,13,17,30.03,42.028,997.94,1345382.0
2023,5,18,0,13,20,30.03,42.028,997.94,1342685.0
2023,5,18,0,13,22,30.03,42.028,997.94,1341341.0
2023,5,18,0,13,24,30.02,42.028,997.92,1349446.0
2023,5,18,0,13,26,30.03,42.028,997.92,1337325.0
2023,5,18,0,13,28,30.03,42.141,997.90,1340000.0
2023,5,18,0,13,31,30.03,42.141,997.94,1340000.0
2023,5,18,0,13,33,30.02,42.141,997.94,1341341.0
2023,5,18,0,13,35,30.03,42.279,997.90,1349446.0
2023,5,18,0,13,37,30.03,42.430,997.92,1350806.0
2023,5,18,0,13,39,30.03,42.543,997.94,1341341.0
2023,5,18,0,13,42,30.03,42.676,997.96,1341341.0
2023,5,18,0,13,44,30.03,42.832,997.96,1342685.0
2023,5,18,0,13,46,30.03,43.025,997.96,1337325.0
2023,5,18,0,13,48,30.03,43.242,997.94,1332008.0
2023,5,18,0,13,50,30.03,43.369,997.94,1341341.0
2023,5,18,0,13,53,30.03,43.369,997.92,1332008.0
2023,5,18,0,13,55,30.03,43.514,997.94,1334661.0
2023,5,18,0,13,57,30.03,43.514,997.94,1335992.0
2023,5,18,0,13,59,30.03,43.514,997.94,1335992.0
2023,5,18,0,14,1,30.03,43.661,997.94,1340000.0
2023,5,18,0,14,3,30.03,43.661,997.94,1335992.0
2023,5,18,0,14,6,30.03,43.763,997.92,1332008.0
2023,5,18,0,14,8,30.02,43.763,997.92,1329365.0
2023,5,18,0,14,10,30.03,43.763,997.94,1337325.0
2023,5,18,0,14,12,30.02,43.763,997.92,1340000.0
2023,5,18,0,14,14,30.03,43.763,997.92,1341341.0
2023,5,18,0,14,17,30.03,43.763,997.88,1332008.0
2023,5,18,0,14,19,30.03,43.763,997.96,1337325.0
2023,5,18,0,14,21,30.03,43.763,997.94,1333333.0
2023,5,18,0,14,23,30.03,43.661,997.92,1333333.0
2023,5,18,0,14,25,30.03,43.661,997.94,1337325.0
2023,5,18,0,14,28,30.03,43.661,997.94,1338661.0
2023,5,18,0,14,30,30.02,43.661,997.96,1335992.0
2023,5,18,0,14,32,30.02,43.661,997.92,1337325.0
2023,5,18,0,14,34,30.01,43.661,997.92,1344032.0
2023,5,18,0,14,36,30.00,43.661,997.90,1337325.0
2023,5,18,0,14,39,30.00,43.661,997.92,1338661.0
2023,5,18,0,14,41,29.99,43.661,997.90,1333333.0
2023,5,18,0,14,43,29.99,43.561,997.88,1341341.0
2023,5,18,0,14,45,29.98,43.561,997.90,1337325.0
2023,5,18,0,14,47,29.98,43.681,997.88,1334661.0
2023,5,18,0,14,49,29.98,43.790,997.92,1334661.0
2023,5,18,0,14,52,29.98,43.912,997.90,1329365.0
2023,5,18,0,14,54,29.98,44.057,997.92,1321499.0
2023,5,18,0,14,56,29.98,44.208,997.92,1341341.0
2023,5,18,0,14,58,29.98,44.313,997.94,1326733.0
2023,5,18,0,15,0,29.98,44.313,997.90,1329365.0
2023,5,18,0,15,3,29.98,44.313,997.92,1330685.0
2023,5,18,0,15,5,29.98,44.313,997.90,1328048.0
2023,5,18,0,15,7,29.98,44.313,997.92,1330685.0
2023,5,18,0,15,9,29.98,44.313,997.90,1338661.0
2023,5,18,0,15,11,29.98,44.313,997.92,1334661.0
2023,5,18,0,15,14,29.98,44.313,997.90,1334661.0
2023,5,18,0,15,16,29.98,44.313,997.90,1335992.0
2023,5,18,0,15,18,29.98,44.313,997.90,1330685.0
2023,5,18,0,15,20,29.98,44.313,997.90,1338661.0
2023,5,18,0,15,22,29.99,44.313,997.92,1330685.0
2023,5,18,0,15,25,29.99,44.159,997.88,1341341.0
2023,5,18,0,15,27,29.99,44.159,997.88,1334661.0
2023,5,18,0,15,29,29.99,44.026,997.92,1330685.0
2023,5,18,0,15,31,30.00,44.026,997.92,1335992.0
2023,5,18,0,15,33,30.00,43.863,997.90,1332008.0
2023,5,18,0,15,35,30.00,43.863,997.90,1338661.0
2023,5,18,0,15,38,30.00,43.863,997.88,1333333.0
2023,5,18,0,15,40,30.01,43.718,997.92,1338661.0
2023,5,18,0,15,42,30.01,43.718,997.92,1326733.0
2023,5,18,0,15,44,30.02,43.718,997.92,1335992.0
2023,5,18,0,15,46,30.02,43.584,997.92,1335992.0
2023,5,18,0,15,49,30.02,43.584,997.90,1334661.0
2023,5,18,0,15,51,30.03,43.441,997.92,1341341.0
2023,5,18,0,15,53,30.02,43.441,997.92,1344032.0
2023,5,18,0,15,55,30.03,43.328,997.94,1330685.0
2023,5,18,0,15,57,30.03,43.328,997.88,1335992.0
2023,5,18,0,16,0,30.03,43.328,997.94,1335992.0
2023,5,18,0,16,2,30.03,43.328,997.94,1335992.0
2023,5,18,0,16,4,30.04,43.328,997.94,1340000.0
2023,5,18,0,16,6,30.04,43.328,997.92,1346734.0
2023,5,18,0,16,8,30.04,43.328,997.94,1344032.0
2023,5,18,0,16,11,30.04,43.212,997.90,1332008.0
2023,5,18,0,16,13,30.04,43.212,997.90,1342685.0
2023,5,18,0,16,15,30.04,43.212,997.90,1328048.0
2023,5,18,0,16,17,30.04,43.212,997.90,1332008.0
2023,5,18,0,16,19,30.05,43.212,997.90,1335992.0
2023,5,18,0,16,21,30.05,43.212,997.92,1335992.0
2023,5,18,0,16,24,30.05,43.212,997.94,1334661.0
2023,5,18,0,16,26,30.05,43.339,997.92,1335992.0
2023,5,18,0,16,28,30.05,43.339,997.94,1330685.0
2023,5,18,0,16,30,30.05,43.339,997.94,1326733.0
2023,5,18,0,16,32,30.05,43.339,997.92,1341341.0
2023,5,18,0,16,35,30.05,43.339,997.92,1337325.0
2023,5,18,0,16,37,30.05,43.484,997.96,1337325.0
2023,5,18,0,16,39,30.06,43.484,997.94,1332008.0
2023,5,18,0,16,41,30.05,43.611,997.92,1334661.0
2023,5,18,0,16,43,30.05,43.611,997.94,1332008.0
2023,5,18,0,16,46,30.05,43.798,997.94,1324111.0
2023,5,18,0,16,48,30.05,43.963,997.96,1335992.0
2023,5,18,0,16,50,30.05,44.350,997.92,1335992.0
2023,5,18,0,16,52,30.05,44.655,997.94,1325420.0
2023,5,18,0,16,54,30.06,44.795,997.90,1332008.0
2023,5,18,0,16,57,30.06,44.795,997.92,1324111.0
2023,5,18,0,16,59,30.05,44.795,997.94,1328048.0
2023,5,18,0,17,1,30.05,44.795,997.94,1321499.0
2023,5,18,0,17,3,30.06,44.679,997.92,1333333.0
2023,5,18,0,17,5,30.05,44.679,997.96,1328048.0
2023,5,18,0,17,8,30.05,44.679,997.92,1333333.0
2023,5,18,0,17,10,30.05,44.551,997.92,1326733.0
2023,5,18,0,17,12,30.05,44.551,997.92,1326733.0
2023,5,18,0,17,14,30.04,44.551,997.90,1341341.0
2023,5,18,0,17,16,30.05,44.551,997.90,1340000.0
2023,5,18,0,17,18,30.04,44.442,997.90,1333333.0
2023,5,18,0,17,21,30.04,44.442,997.90,1334661.0
2023,5,18,0,17,23,30.03,44.224,997.92,1325420.0
2023,5,18,0,17,25,30.03,44.114,997.90,1334661.0
2023,5,18,0,17,27,30.03,44.114,997.90,1332008.0
2023,5,18,0,17,29,30.03,43.896,997.92,1330685.0
2023,5,18,0,17,32,30.02,43.896,997.92,1324111.0
2023,5,18,0,17,34,30.02,44.020,997.94,1322804.0
2023,5,18,0,17,36,30.02,44.154,997.92,1330685.0
2023,5,18,0,17,38,30.01,44.258,997.88,1329365.0
2023,5,18,0,17,40,30.01,44.258,997.88,1333333.0
2023,5,18,0,17,43,30.00,44.421,997.86,1326733.0
2023,5,18,0,17,45,30.01,44.421,997.84,1328048.0
2023,5,18,0,17,47,30.00,44.579,997.86,1332008.0
2023,5,18,0,17,49,30.01,44.579,997.88,1325420.0
2023,5,18,0,17,51,30.00,44.579,997.86,1320197.0
2023,5,18,0,17,54,30.00,44.579,997.90,1330685.0
2023,5,18,0,17,56,30.00,44.450,997.94,1329365.0
2023,5,18,0,17,58,30.00,44.450,997.90,1324111.0
2023,5,18,0,18,0,29.99,44.450,997.86,1332008.0
2023,5,18,0,18,2,29.99,44.450,997.90,1332008.0
2023,5,18,0,18,4,29.99,44.324,997.88,1329365.0
2023,5,18,0,18,7,29.99,44.324,997.90,1329365.0
2023,5,18,0,18,9,29.99,44.324,997.88,1332008.0
2023,5,18,0,18,11,29.98,44.203,997.88,1328048.0
2023,5,18,0,18,13,29.98,44.203,997.88,1332008.0
2023,5,18,0,18,15,29.98,44.203,997.88,1338661.0
2023,5,18,0,18,18,29.98,44.203,997.88,1342685.0
2023,5,18,0,18,20,29.98,44.203,997.88,1325420.0
2023,5,18,0,18,22,29.97,44.309,997.88,1330685.0
2023,5,18,0,18,24,29.97,44.309,997.88,1324111.0
2023,5,18,0,18,26,29.97,44.419,997.88,1326733.0
2023,5,18,0,18,29,29.97,44.419,997.84,1332008.0
2023,5,18,0,18,31,29.97,44.539,997.84,1332008.0
2023,5,18,0,18,33,29.96,44.539,997.84,1333333.0
2023,5,18,0,18,35,29.97,44.539,997.84,1324111.0
2023,5,18,0,18,37,29.96,44.539,997.84,1324111.0
2023,5,18,0,18,40,29.95,44.539,997.88,1322804.0
2023,5,18,0,18,42,29.95,44.539,997.86,1324111.0
2023,5,18,0,18,44,29.95,44.539,997.82,1332008.0
2023,5,18,0,18,46,29.94,44.431,997.84,1321499.0
2023,5,18,0,18,48,29.94,44.431,997.82,1333333.0
2023,5,18,0,18,50,29.93,44.431,997.84,1325420.0
2023,5,18,0,18,53,29.93,44.431,997.82,1330685.0
2023,5,18,0,18,55,29.93,44.543,997.82,1335992.0
2023,5,18,0,18,57,29.92,44.543,997.84,1332008.0
2023,5,18,0,18,59,29.92,44.543,997.82,1333333.0
2023,5,18,0,19,1,29.92,44.650,997.86,1326733.0
2023,5,18,0,19,4,29.92,44.650,997.86,1315015.0
2023,5,18,0,19,6,29.92,44.650,997.86,1315015.0
2023,5,18,0,19,8,29.91,44.650,997.86,1321499.0
2023,5,18,0,19,10,29.91,44.650,997.86,1330685.0
2023,5,18,0,19,12,29.91,44.776,997.84,1328048.0
2023,5,18,0,19,15,29.91,44.891,997.82,1330685.0
2023,5,18,0,19,17,29.91,44.891,997.88,1328048.0
2023,5,18,0,19,19,29.90,44.891,997.84,1326733.0
2023,5,18,0,19,21,29.90,45.001,997.86,1325420.0
2023,5,18,0,19,23,29.90,45.001,997.84,1326733.0
2023,5,18,0,19,26,29.90,45.001,997.86,1325420.0
2023,5,18,0,19,28,29.90,45.142,997.86,1328048.0
2023,5,18,0,19,30,29.89,45.142,997.84,1325420.0
2023,5,18,0,19,32,29.89,45.142,997.84,1329365.0
2023,5,18,0,19,34,29.89,45.142,997.82,1330685.0
2023,5,18,0,19,36,29.88,45.142,997.86,1326733.0
2023,5,18,0,19,39,29.88,45.142,997.84,1320197.0
2023,5,18,0,19,41,29.88,45.264,997.84,1325420.0
2023,5,18,0,19,43,29.88,45.264,997.84,1320197.0
2023,5,18,0,19,45,29.87,45.367,997.86,1328048.0
2023,5,18,0,19,47,29.87,45.367,997.84,1320197.0
2023,5,18,0,19,50,29.87,45.367,997.84,1322804.0
2023,5,18,0,19,52,29.86,45.480,997.90,1313725.0
2023,5,18,0,19,54,29.86,45.480,997.84,1335992.0
2023,5,18,0,19,56,29.86,45.480,997.84,1325420.0
2023,5,18,0,19,58,29.85,45.480,997.82,1322804.0
2023,5,18,0,20,1,29.85,45.591,997.82,1324111.0
2023,5,18,0,20,3,29.84,45.591,997.82,1325420.0
2023,5,18,0,20,5,29.84,45.706,997.82,1325420.0
2023,5,18,0,20,7,29.84,45.706,997.84,1320197.0
2023,5,18,0,20,9,29.83,45.867,997.82,1312439.0
2023,5,18,0,20,12,29.82,45.867,997.84,1328048.0
2023,5,18,0,20,14,29.82,45.968,997.82,1322804.0
2023,5,18,0,20,16,29.83,45.968,997.82,1325420.0
2023,5,18,0,20,18,29.82,45.968,997.82,1328048.0
2023,5,18,0,20,20,29.82,45.968,997.84,1326733.0
2023,5,18,0,20,22,29.82,45.968,997.82,1309873.0
2023,5,18,0,20,25,29.81,45.968,997.80,1320197.0
2023,5,18,0,20,27,29.80,45.968,997.84,1320197.0
2023,5,18,0,20,29,29.80,45.968,997.86,1320197.0
2023,5,18,0,20,31,29.80,45.968,997.86,1320197.0
2023,5,18,0,20,33,29.79,45.968,997.80,1320197.0
2023,5,18,0,20,36,29.79,45.845,997.84,1315015.0
2023,5,18,0,20,38,29.78,45.845,997.84,1315015.0
2023,5,18,0,20,40,29.77,45.720,997.84,1309873.0
2023,5,18,0,20,42,29.77,45.720,997.82,1325420.0
2023,5,18,0,20,44,29.77,45.720,997.82,1320197.0
2023,5,18,0,20,47,29.77,45.720,997.80,1313725.0
2023,5,18,0,20,49,29.76,45.840,997.82,1320197.0
2023,5,18,0,20,51,29.76,46.013,997.84,1317601.0
2023,5,18,0,20,53,29.76,46.122,997.84,1325420.0
2023,5,18,0,20,55,29.75,46.122,997.84,1320197.0
2023,5,18,0,20,58,29.75,46.122,997.82,1311155.0
2023,5,18,0,21,0,29.75,46.122,997.86,1328048.0
2023,5,18,0,21,2,29.74,46.003,997.84,1318898.0
2023,5,18,0,21,4,29.74,45.874,997.82,1320197.0
2023,5,18,0,21,6,29.74,45.874,997.82,1321499.0
2023,5,18,0,21,8,29.74,45.874,997.82,1312439.0
2023,5,18,0,21,11,29.74,45.874,997.84,1322804.0
2023,5,18,0,21,13,29.74,45.985,997.84,1318898.0
2023,5,18,0,21,15,29.74,45.985,997.86,1322804.0
2023,5,18,0,21,17,29.73,46.132,997.84,1324111.0
2023,5,18,0,21,19,29.73,46.132,997.84,1325420.0
2023,5,18,0,21,22,29.74,46.132,997.86,1318898.0
2023,5,18,0,21,24,29.73,46.132,997.84,1322804.0
2023,5,18,0,21,26,29.73,46.132,997.86,1320197.0
2023,5,18,0,21,28,29.73,46.132,997.84,1312439.0
2023,5,18,0,21,30,29.72,46.132,997.82,1322804.0
2023,5,18,0,21,33,29.72,46.132,997.82,1309873.0
2023,5,18,0,21,35,29.72,46.132,997.82,1318898.0
2023,5,18,0,21,37,29.72,46.027,997.82,1308594.0
2023,5,18,0,21,39,29.72,46.027,997.84,1321499.0
2023,5,18,0,21,41,29.72,46.027,997.82,1325420.0
2023,5,18,0,21,44,29.72,46.027,997.82,1318898.0
2023,5,18,0,21,46,29.72,46.027,997.82,1311155.0
2023,5,18,0,21,48,29.72,46.027,997.84,1318898.0
2023,5,18,0,21,50,29.71,45.919,997.82,1325420.0
2023,5,18,0,21,52,29.72,45.764,997.82,1325420.0
2023,5,18,0,21,55,29.72,45.580,997.82,1316306.0
2023,5,18,0,21,57,29.72,45.396,997.82,1324111.0
2023,5,18,0,21,59,29.72,45.202,997.82,1318898.0
2023,5,18,0,22,1,29.72,45.042,997.82,1318898.0
2023,5,18,0,22,3,29.72,45.042,997.84,1315015.0
2023,5,18,0,22,5,29.72,44.922,997.84,1317601.0
2023,5,18,0,22,8,29.72,44.922,997.84,1324111.0
2023,5,18,0,22,10,29.72,44.922,997.86,1313725.0
2023,5,18,0,22,12,29.72,45.030,997.86,1328048.0
2023,5,18,0,22,14,29.71,45.156,997.82,1321499.0
2023,5,18,0,22,16,29.71,45.156,997.84,1309873.0
2023,5,18,0,22,19,29.71,45.277,997.78,1313725.0
2023,5,18,0,22,21,29.71,45.277,997.80,1326733.0
2023,5,18,0,22,23,29.71,45.277,997.82,1325420.0
2023,5,18,0,22,25,29.71,45.064,997.84,1326733.0
2023,5,18,0,22,27,29.70,44.949,997.82,1322804.0
2023,5,18,0,22,30,29.70,44.833,997.80,1321499.0
2023,5,18,0,22,32,29.70,44.833,997.84,1324111.0
2023,5,18,0,22,34,29.70,44.943,997.82,1322804.0
2023,5,18,0,22,36,29.70,45.119,997.82,1321499.0
2023,5,18,0,22,38,29.69,45.271,997.74,1322804.0
2023,5,18,0,22,41,29.69,45.271,997.80,1320197.0
2023,5,18,0,22,43,29.69,45.497,997.78,1325420.0
2023,5,18,0,22,45,29.69,45.497,997.78,1312439.0
2023,5,18,0,22,47,29.68,45.497,997.80,1325420.0
2023,5,18,0,22,49,29.68,45.497,997.78,1320197.0
2023,5,18,0,22,51,29.68,45.497,997.82,1322804.0
2023,5,18,0,22,54,29.68,45.390,997.82,1326733.0
2023,5,18,0,22,56,29.67,45.390,997.80,1321499.0
2023,5,18,0,22,58,29.67,45.390,997.76,1316306.0
2023,5,18,0,23,0,29.67,45.390,997.78,1315015.0
2023,5,18,0,23,2,29.67,45.390,997.78,1330685.0
2023,5,18,0,23,5,29.67,45.390,997.82,1316306.0
2023,5,18,0,23,7,29.66,45.390,997.80,1322804.0
2023,5,18,0,23,9,29.66,45.525,997.80,1317601.0
2023,5,18,0,23,11,29.66,45.525,997.82,1328048.0
2023,5,18,0,23,13,29.65,45.630,997.76,1312439.0
2023,5,18,0,23,16,29.65,45.630,997.80,1316306.0
2023,5,18,0,23,18,29.64,45.630,997.80,1320197.0
2023,5,18,0,23,20,29.64,45.630,997.84,1312439.0
2023,5,18,0,23,22,29.64,45.630,997.80,1320197.0
2023,5,18,0,23,24,29.63,45.630,997.80,1316306.0
2023,5,18,0,23,27,29.63,45.630,997.78,1321499.0
2023,5,18,0,23,29,29.63,45.630,997.78,1322804.0
2023,5,18,0,23,31,29.63,45.523,997.82,1332008.0
2023,5,18,0,23,33,29.63,45.523,997.82,1322804.0
2023,5,18,0,23,35,29.63,45.523,997.78,1328048.0
2023,5,18,0,23,37,29.63,45.523,997.78,1328048.0
2023,5,18,0,23,40,29.63,45.644,997.78,1321499.0
2023,5,18,0,23,42,29.63,45.755,997.76,1317601.0
2023,5,18,0,23,44,29.63,45.755,997.76,1324111.0
2023,5,18,0,23,46,29.63,45.878,997.78,1309873.0
2023,5,18,0,23,48,29.63,45.878,997.78,1322804.0
2023,5,18,0,23,51,29.63,45.878,997.80,1315015.0
2023,5,18,0,23,53,29.63,45.878,997.78,1324111.0
2023,5,18,0,23,55,29.63,45.878,997.80,1322804.0
2023,5,18,0,23,57,29.63,45.878,997.78,1322804.0
2023,5,18,0,23,59,29.63,45.878,997.78,1321499.0
2023,5,18,0,24,2,29.63,45.878,997.80,1318898.0
2023,5,18,0,24,4,29.63,45.878,997.78,1322804.0
2023,5,18,0,24,6,29.63,45.878,997.80,1328048.0
2023,5,18,0,24,8,29.62,45.878,997.78,1311155.0
2023,5,18,0,24,10,29.62,45.878,997.80,1325420.0
2023,5,18,0,24,13,29.61,45.878,997.82,1321499.0
2023,5,18,0,24,15,29.61,46.061,997.78,1322804.0
2023,5,18,0,24,17,29.61,46.061,997.84,1318898.0
2023,5,18,0,24,19,29.60,46.213,997.78,1312439.0
2023,5,18,0,24,21,29.60,46.213,997.78,1313725.0
2023,5,18,0,24,23,29.60,46.318,997.84,1322804.0
2023,5,18,0,24,26,29.60,46.318,997.84,1321499.0
2023,5,18,0,24,28,29.60,46.495,997.82,1312439.0
2023,5,18,0,24,30,29.60,46.495,997.82,1303502.0
2023,5,18,0,24,32,29.59,46.495,997.80,1321499.0
2023,5,18,0,24,34,29.59,46.609,997.82,1321499.0
2023,5,18,0,24,37,29.59,46.609,997.80,1312439.0
2023,5,18,0,24,39,29.59,46.609,997.80,1309873.0
2023,5,18,0,24,41,29.58,46.609,997.84,1313725.0
2023,5,18,0,24,43,29.58,46.609,997.80,1308594.0
2023,5,18,0,24,45,29.58,46.609,997.82,1311155.0
2023,5,18,0,24,48,29.58,46.609,997.82,1325420.0
2023,5,18,0,24,50,29.58,46.609,997.82,1320197.0
2023,5,18,0,24,52,29.57,46.609,997.84,1318898.0
2023,5,18,0,24,54,29.58,46.609,997.84,1313725.0
2023,5,18,0,24,56,29.58,46.609,997.84,1324111.0
2023,5,18,0,24,59,29.57,46.609,997.84,1320197.0
2023,5,18,0,25,1,29.57,46.609,997.80,1321499.0
2023,5,18,0,25,3,29.57,46.609,997.82,1316306.0
2023,5,18,0,25,5,29.57,46.609,997.84,1309873.0
2023,5,18,0,25,7,29.57,46.609,997.84,1309873.0
2023,5,18,0,25,9,29.57,46.609,997.82,1312439.0
2023,5,18,0,25,12,29.57,46.609,997.82,1313725.0
2023,5,18,0,25,14,29.57,46.609,997.84,1312439.0
2023,5,18,0,25,16,29.57,46.609,997.82,1320197.0
2023,5,18,0,25,18,29.57,46.609,997.82,1304771.0
2023,5,18,0,25,20,29.57,46.433,997.82,1318898.0
2023,5,18,0,25,23,29.57,46.433,997.82,1317601.0
2023,5,18,0,25,25,29.57,46.433,997.78,1317601.0
2023,5,18,0,25,27,29.57,46.433,997.82,1315015.0
2023,5,18,0,25,29,29.56,46.433,997.84,1311155.0
2023,5,18,0,25,31,29.56,46.433,997.82,1317601.0
2023,5,18,0,25,34,29.56,46.573,997.82,1309873.0
2023,5,18,0,25,36,29.56,46.573,997.82,1307317.0
2023,5,18,0,25,38,29.56,46.573,997.80,1306043.0
2023,5,18,0,25,40,29.55,46.573,997.78,1321499.0
2023,5,18,0,25,42,29.55,46.674,997.78,1311155.0
2023,5,18,0,25,45,29.55,46.674,997.78,1318898.0
2023,5,18,0,25,47,29.55,46.483,997.76,1300971.0
2023,5,18,0,25,49,29.54,46.342,997.76,1311155.0
2023,5,18,0,25,51,29.54,46.342,997.76,1312439.0
2023,5,18,0,25,53,29.54,46.115,997.78,1326733.0
2023,5,18,0,25,55,29.53,46.014,997.78,1320197.0
2023,5,18,0,25,58,29.53,46.014,997.76,1315015.0
2023,5,18,0,26,0,29.53,45.879,997.76,1312439.0
2023,5,18,0,26,2,29.52,45.879,997.78,1309873.0
2023,5,18,0,26,4,29.53,45.879,997.78,1311155.0
2023,5,18,0,26,6,29.53,45.879,997.76,1312439.0
2023,5,18,0,26,9,29.52,45.770,997.80,1321499.0
2023,5,18,0,26,11,29.53,45.770,997.76,1306043.0
2023,5,18,0,26,13,29.53,45.770,997.76,1325420.0
2023,5,18,0,26,15,29.53,45.670,997.74,1313725.0
2023,5,18,0,26,17,29.53,45.670,997.78,1313725.0
2023,5,18,0,26,20,29.53,45.670,997.74,1318898.0
2023,5,18,0,26,22,29.53,45.823,997.76,1315015.0
2023,5,18,0,26,24,29.54,45.950,997.78,1328048.0
2023,5,18,0,26,26,29.53,45.950,997.74,1317601.0
2023,5,18,0,26,28,29.54,46.103,997.76,1322804.0
2023,5,18,0,26,31,29.54,46.103,997.76,1308594.0
2023,5,18,0,26,33,29.54,46.262,997.74,1315015.0
2023,5,18,0,26,35,29.55,46.262,997.74,1313725.0
2023,5,18,0,26,37,29.54,46.421,997.72,1311155.0
2023,5,18,0,26,39,29.54,46.421,997.76,1312439.0
2023,5,18,0,26,42,29.54,46.533,997.76,1316306.0
2023,5,18,0,26,44,29.55,46.533,997.74,1300971.0
2023,5,18,0,26,46,29.54,46.698,997.74,1304771.0
2023,5,18,0,26,48,29.54,46.698,997.74,1307317.0
2023,5,18,0,26,50,29.54,46.878,997.76,1304771.0
2023,5,18,0,26,52,29.54,46.878,997.74,1308594.0
2023,5,18,0,26,55,29.54,46.878,997.74,1306043.0
2023,5,18,0,26,57,29.53,46.878,997.72,1302235.0
2023,5,18,0,26,59,29.53,46.726,997.72,1306043.0
2023,5,18,0,27,1,29.53,46.726,997.76,1315015.0
2023,5,18,0,27,3,29.52,46.623,997.76,1312439.0
2023,5,18,0,27,6,29.52,46.623,997.76,1304771.0
2023,5,18,0,27,8,29.53,46.750,997.78,1303502.0
2023,5,18,0,27,10,29.55,48.108,997.78,1306043.0
2023,5,18,0,27,12,29.57,49.041,997.80,1303502.0
2023,5,18,0,27,14,29.58,49.199,997.82,1300971.0
2023,5,18,0,27,17,29.59,48.956,997.80,1307317.0
2023,5,18,0,27,19,29.60,48.579,997.80,1299709.0
2023,5,18,0,27,21,29.61,48.165,997.82,1300971.0
2023,5,18,0,27,23,29.61,47.719,997.84,1307317.0
2023,5,18,0,27,25,29.62,47.304,997.84,1299709.0
2023,5,18,0,27,28,29.62,46.909,997.82,1299709.0
2023,5,18,0,27,30,29.63,46.626,997.80,1299709.0
2023,5,18,0,27,32,29.64,46.369,997.84,1290944.0
2023,5,18,0,27,34,29.64,46.172,997.80,1294686.0
2023,5,18,0,27,36,29.65,45.979,997.80,1294686.0
2023,5,18,0,27,38,29.66,45.782,997.80,1304771.0
2023,5,18,0,27,41,29.67,45.608,997.80,1288462.0
2023,5,18,0,27,43,29.67,45.430,997.82,1299709.0
2023,5,18,0,27,45,29.68,45.293,997.80,1300971.0
2023,5,18,0,27,47,29.68,45.293,997.78,1294686.0
2023,5,18,0,27,49,29.69,45.293,997.78,1306043.0
2023,5,18,0,27,52,29.70,45.293,997.82,1300971.0
2023,5,18,0,27,54,29.71,45.418,997.82,1293436.0
2023,5,18,0,27,56,29.72,45.568,997.84,1298450.0
2023,5,18,0,27,58,29.72,45.671,997.84,1299709.0
2023,5,18,0,28,0,29.72,45.671,997.82,1299709.0
2023,5,18,0,28,3,29.73,45.671,997.82,1300971.0
2023,5,18,0,28,5,29.73,45.671,997.82,1299709.0
2023,5,18,0,28,7,29.74,45.519,997.82,1302235.0
2023,5,18,0,28,9,29.75,45.384,997.82,1303502.0
2023,5,18,0,28,11,29.75,45.281,997.82,1302235.0
2023,5,18,0,28,14,29.76,45.281,997.82,1303502.0
2023,5,18,0,28,16,29.76,45.382,997.84,1307317.0
2023,5,18,0,28,18,29.77,45.492,997.82,1289702.0
2023,5,18,0,28,20,29.77,45.609,997.82,1298450.0
2023,5,18,0,28,22,29.78,45.609,997.82,1306043.0
2023,5,18,0,28,25,29.78,45.748,997.82,1307317.0
2023,5,18,0,28,27,29.79,45.748,997.80,1304771.0
2023,5,18,0,28,29,29.79,45.748,997.80,1306043.0
2023,5,18,0,28,31,29.80,45.851,997.80,1304771.0
2023,5,18,0,28,33,29.81,45.851,997.78,1304771.0
2023,5,18,0,28,35,29.81,45.851,997.78,1306043.0
2023,5,18,0,28,38,29.82,45.552,997.78,1304771.0
2023,5,18,0,28,40,29.82,45.344,997.82,1306043.0
2023,5,18,0,28,42,29.83,45.164,997.82,1315015.0
2023,5,18,0,28,44,29.84,45.004,997.78,1307317.0
2023,5,18,0,28,46,29.84,44.895,997.80,1294686.0
2023,5,18,0,28,49,29.85,44.895,997.76,1307317.0
2023,5,18,0,28,51,29.85,44.895,997.84,1309873.0
2023,5,18,0,28,53,29.86,44.895,997.80,1316306.0
2023,5,18,0,28,55,29.87,44.895,997.84,1303502.0
2023,5,18,0,28,57,29.88,44.895,997.82,1303502.0
2023,5,18,0,29,0,29.88,44.770,997.82,1302235.0
2023,5,18,0,29,2,29.89,44.770,997.86,1304771.0
2023,5,18,0,29,4,29.90,44.611,997.80,1297193.0
2023,5,18,0,29,6,29.91,44.611,997.80,1308594.0
2023,5,18,0,29,8,29.91,44.611,997.84,1311155.0
2023,5,18,0,29,11,29.93,44.611,997.80,1302235.0
2023,5,18,0,29,13,29.93,44.611,997.82,1312439.0
2023,5,18,0,29,15,29.95,44.817,997.78,1309873.0
2023,5,18,0,29,17,29.96,45.009,997.80,1304771.0
2023,5,18,0,29,19,29.96,45.167,997.84,1304771.0
2023,5,18,0,29,21,29.96,45.167,997.80,1313725.0
2023,5,18,0,29,24,29.96,45.167,997.82,1309873.0
2023,5,18,0,29,26,29.97,45.167,997.84,1309873.0
2023,5,18,0,29,28,29.97,45.167,997.80,1303502.0
2023,5,18,0,29,30,29.97,45.363,997.80,1309873.0
2023,5,18,0,29,32,29.97,45.515,997.80,1304771.0
2023,5,18,0,29,35,29.98,45.659,997.82,1316306.0
2023,5,18,0,29,37,29.98,45.812,997.78,1312439.0
2023,5,18,0,29,39,29.98,45.935,997.80,1295938.0
2023,5,18,0,29,41,29.98,45.935,997.82,1302235.0
2023,5,18,0,29,43,29.98,46.058,997.80,1307317.0
2023,5,18,0,29,46,29.98,46.058,997.80,1315015.0
2023,5,18,0,29,48,29.98,45.953,997.80,1311155.0
2023,5,18,0,29,50,29.99,45.953,997.76,1309873.0
2023,5,18,0,29,52,29.99,45.953,997.80,1312439.0
2023,5,18,0,29,54,29.99,45.953,997.82,1303502.0
2023,5,18,0,29,57,29.99,45.953,997.82,1304771.0
2023,5,18,0,29,59,29.99,45.782,997.82,1306043.0
2023,5,18,0,30,1,30.00,45.782,997.84,1307317.0
2023,5,18,0,30,3,30.00,45.782,997.82,1311155.0
2023,5,18,0,30,5,30.00,45.683,997.82,1300971.0
2023,5,18,0,30,7,30.00,45.683,997.76,1312439.0
2023,5,18,0,30,10,30.00,45.537,997.78,1303502.0
2023,5,18,0,30,12,30.01,45.537,997.80,1320197.0
2023,5,18,0,30,14,30.01,45.360,997.84,1308594.0
2023,5,18,0,30,16,30.02,45.226,997.86,1309873.0
2023,5,18,0,30,18,30.03,45.088,997.84,1309873.0
2023,5,18,0,30,21,30.03,44.917,997.84,1311155.0
2023,5,18,0,30,23,30.04,44.771,997.82,1300971.0
2023,5,18,0,30,25,30.05,44.643,997.84,1304771.0
2023,5,18,0,30,27,30.06,44.533,997.82,1307317.0
2023,5,18,0,30,29,30.06,44.533,997.80,1304771.0
2023,5,18,0,30,32,30.07,44.533,997.82,1294686.0
2023,5,18,0,30,34,30.08,44.700,997.80,1309873.0
2023,5,18,0,30,36,30.09,44.919,997.82,1309873.0
2023,5,18,0,30,38,30.09,45.126,997.82,1307317.0
2023,5,18,0,30,40,30.09,45.296,997.82,1309873.0
2023,5,18,0,30,43,30.10,45.423,997.82,1317601.0
2023,5,18,0,30,45,30.10,45.423,997.82,1316306.0
2023,5,18,0,30,47,30.11,45.423,997.78,1309873.0
2023,5,18,0,30,49,30.11,45.423,997.82,1309873.0
2023,5,18,0,30,51,30.12,45.260,997.80,1307317.0
2023,5,18,0,30,53,30.13,45.260,997.80,1311155.0
2023,5,18,0,30,56,30.13,45.126,997.82,1316306.0
2023,5,18,0,30,58,30.14,45.126,997.82,1320197.0
2023,5,18,0,31,0,30.14,45.126,997.76,1309873.0
2023,5,18,0,31,2,30.15,44.960,997.84,1312439.0
2023,5,18,0,31,4,30.16,44.960,997.84,1313725.0
2023,5,18,0,31,7,30.16,44.960,997.82,1315015.0
2023,5,18,0,31,9,30.16,45.104,997.80,1313725.0
2023,5,18,0,31,11,30.17,45.104,997.80,1316306.0
2023,5,18,0,31,13,30.17,45.274,997.82,1312439.0
2023,5,18,0,31,15,30.18,45.274,997.86,1304771.0
2023,5,18,0,31,18,30.18,45.274,997.82,1317601.0
2023,5,18,0,31,20,30.18,45.274,997.84,1308594.0
2023,5,18,0,31,22,30.18,45.144,997.84,1313725.0
2023,5,18,0,31,24,30.18,45.033,997.80,1299709.0
2023,5,18,0,31,26,30.19,44.918,997.82,1308594.0
2023,5,18,0,31,29,30.19,44.790,997.82,1309873.0
2023,5,18,0,31,31,30.19,44.668,997.80,1313725.0
2023,5,18,0,31,33,30.21,44.528,997.82,1309873.0
2023,5,18,0,31,35,30.22,44.400,997.82,1306043.0
2023,5,18,0,31,37,30.22,44.272,997.82,1317601.0
2023,5,18,0,31,39,30.23,44.166,997.78,1315015.0
2023,5,18,0,31,42,30.23,44.166,997.78,1306043.0
2023,5,18,0,31,44,30.24,43.991,997.78,1309873.0
2023,5,18,0,31,46,30.25,43.991,997.84,1312439.0
2023,5,18,0,31,48,30.25,43.991,997.80,1315015.0
2023,5,18,0,31,50,30.26,44.144,997.78,1312439.0
2023,5,18,0,31,53,30.26,44.277,997.80,1320197.0
2023,5,18,0,31,55,30.27,44.439,997.78,1313725.0
2023,5,18,0,31,57,30.28,44.561,997.76,1304771.0
2023,5,18,0,31,59,30.28,44.561,997.78,1315015.0
2023,5,18,0,32,1,30.29,44.697,997.78,1316306.0
2023,5,18,0,32,4,30.29,44.697,997.80,1316306.0
2023,5,18,0,32,6,30.30,44.594,997.80,1317601.0
2023,5,18,0,32,8,30.30,44.490,997.74,1306043.0
2023,5,18,0,32,10,30.31,44.490,997.76,1316306.0
2023,5,18,0,32,12,30.32,44.320,997.80,1312439.0
2023,5,18,0,32,15,30.32,44.320,997.80,1312439.0
2023,5,18,0,32,17,30.33,44.204,997.80,1309873.0
2023,5,18,0,32,19,30.33,44.204,997.82,1309873.0
2023,5,18,0,32,21,30.34,44.067,997.76,1303502.0
2023,5,18,0,32,23,30.34,43.964,997.74,1313725.0
2023,5,18,0,32,25,30.35,43.964,997.76,1315015.0
2023,5,18,0,32,28,30.35,43.794,997.80,1313725.0
2023,5,18,0,32,30,30.36,43.794,997.76,1317601.0
2023,5,18,0,32,32,30.37,43.649,997.80,1309873.0
2023,5,18,0,32,34,30.37,43.649,997.80,1312439.0
2023,5,18,0,32,36,30.38,43.537,997.78,1311155.0
2023,5,18,0,32,39,30.38,43.537,997.78,1306043.0
2023,5,18,0,32,41,30.39,43.392,997.78,1317601.0
2023,5,18,0,32,43,30.39,43.392,997.76,1311155.0
2023,5,18,0,32,45,30.40,43.392,997.76,1309873.0
2023,5,18,0,32,47,30.41,43.239,997.72,1311155.0
2023,5,18,0,32,50,30.41,43.239,997.74,1318898.0
2023,5,18,0,32,52,30.42,43.239,997.76,1315015.0
2023,5,18,0,32,54,30.42,43.089,997.78,1318898.0
2023,5,18,0,32,56,30.42,43.089,997.74,1315015.0
2023,5,18,0,32,58,30.43,42.979,997.76,1315015.0
2023,5,18,0,33,1,30.43,42.979,997.76,1316306.0
2023,5,18,0,33,3,30.43,42.979,997.74,1321499.0
2023,5,18,0,33,5,30.43,42.979,997.78,1316306.0
2023,5,18,0,33,7,30.44,42.979,997.74,1313725.0
2023,5,18,0,33,9,30.44,42.979,997.76,1316306.0
2023,5,18,0,33,11,30.46,42.979,997.78,1318898.0
2023,5,18,0,33,14,30.46,42.979,997.78,1312439.0
2023,5,18,0,33,16,30.46,42.833,997.76,1315015.0
2023,5,18,0,33,18,30.46,42.833,997.74,1315015.0
2023,5,18,0,33,20,30.46,42.833,997.76,1312439.0
2023,5,18,0,33,22,30.46,42.700,997.76,1321499.0
2023,5,18,0,33,25,30.46,42.700,997.78,1313725.0
2023,5,18,0,33,27,30.46,42.700,997.72,1316306.0
2023,5,18,0,33,29,30.47,42.700,997.74,1322804.0
2023,5,18,0,33,31,30.46,42.700,997.74,1321499.0
2023,5,18,0,33,33,30.47,42.700,997.78,1317601.0
2023,5,18,0,33,36,30.47,42.593,997.80,1315015.0
2023,5,18,0,33,38,30.47,42.593,997.80,1317601.0
2023,5,18,0,33,40,30.47,42.593,997.78,1316306.0
2023,5,18,0,33,42,30.48,42.593,997.78,1309873.0
2023,5,18,0,33,44,30.48,42.593,997.76,1318898.0
2023,5,18,0,33,47,30.49,42.593,997.80,1313725.0
2023,5,18,0,33,49,30.49,42.593,997.78,1316306.0
2023,5,18,0,33,51,30.50,42.593,997.78,1312439.0
2023,5,18,0,33,53,30.50,42.593,997.80,1322804.0
2023,5,18,0,33,55,30.51,42.593,997.78,1322804.0
2023,5,18,0,33,57,30.51,42.593,997.78,1316306.0
2023,5,18,0,34,0,30.52,42.593,997.78,1313725.0
2023,5,18,0,34,2,30.52,42.593,997.76,1304771.0
2023,5,18,0,34,4,30.52,42.487,997.76,1313725.0
2023,5,18,0,34,6,30.53,42.487,997.78,1313725.0
2023,5,18,0,34,8,30.54,42.487,997.80,1318898.0
2023,5,18,0,34,11,30.54,42.487,997.76,1318898.0
2023,5,18,0,34,13,30.54,42.487,997.74,1320197.0
2023,5,18,0,34,15,30.55,42.487,997.78,1320197.0
2023,5,18,0,34,17,30.55,42.487,997.80,1322804.0
2023,5,18,0,34,19,30.56,42.487,997.76,1316306.0
2023,5,18,0,34,22,30.57,42.487,997.78,1321499.0
2023,5,18,0,34,24,30.57,42.487,997.78,1318898.0
2023,5,18,0,34,26,30.58,42.487,997.76,1321499.0
2023,5,18,0,34,28,30.59,42.487,997.80,1320197.0
2023,5,18,0,34,30,30.60,42.487,997.76,1311155.0
2023,5,18,0,34,33,30.60,42.362,997.76,1318898.0
2023,5,18,0,34,35,30.61,42.362,997.82,1320197.0
2023,5,18,0,34,37,30.61,42.362,997.78,1318898.0
2023,5,18,0,34,39,30.62,42.362,997.76,1320197.0
2023,5,18,0,34,41,30.62,42.362,997.74,1318898.0
2023,5,18,0,34,44,30.63,42.362,997.82,1320197.0
2023,5,18,0,34,46,30.63,42.362,997.78,1317601.0
2023,5,18,0,34,48,30.64,42.362,997.80,1317601.0
2023,5,18,0,34,50,30.64,42.263,997.80,1320197.0
2023,5,18,0,34,52,30.64,42.263,997.78,1317601.0
2023,5,18,0,34,54,30.65,42.263,997.80,1312439.0
2023,5,18,0,34,57,30.66,42.263,997.78,1318898.0
2023,5,18,0,34,59,30.66,42.263,997.78,1321499.0
2023,5,18,0,35,1,30.66,42.263,997.74,1318898.0
2023,5,18,0,35,3,30.67,42.263,997.78,1320197.0
2023,5,18,0,35,5,30.67,42.263,997.82,1321499.0
2023,5,18,0,35,8,30.67,42.263,997.80,1317601.0
2023,5,18,0,35,10,30.67,42.263,997.76,1306043.0
2023,5,18,0,35,12,30.67,42.506,997.76,1316306.0
2023,5,18,0,35,14,30.67,42.644,997.80,1318898.0
2023,5,18,0,35,16,30.67,42.644,997.76,1315015.0
2023,5,18,0,35,19,30.68,42.807,997.78,1318898.0
2023,5,18,0,35,21,30.68,42.934,997.78,1317601.0
2023,5,18,0,35,23,30.68,43.079,997.78,1317601.0
2023,5,18,0,35,25,30.68,43.194,997.76,1317601.0
2023,5,18,0,35,27,30.69,43.194,997.76,1315015.0
2023,5,18,0,35,30,30.69,43.194,997.78,1324111.0
2023,5,18,0,35,32,30.70,43.194,997.74,1317601.0
2023,5,18,0,35,34,30.70,43.194,997.80,1311155.0
2023,5,18,0,35,36,30.71,43.194,997.76,1317601.0
2023,5,18,0,35,38,30.71,43.084,997.76,1328048.0
2023,5,18,0,35,40,30.72,42.975,997.78,1312439.0
2023,5,18,0,35,43,30.72,42.848,997.76,1312439.0
2023,5,18,0,35,45,30.72,42.729,997.78,1318898.0
2023,5,18,0,35,47,30.72,42.729,997.82,1320197.0
2023,5,18,0,35,49,30.73,42.605,997.76,1312439.0
2023,5,18,0,35,51,30.73,42.605,997.74,1312439.0
2023,5,18,0,35,54,30.73,42.605,997.76,1317601.0
2023,5,18,0,35,56,30.73,42.605,997.78,1315015.0
2023,5,18,0,35,58,30.74,42.605,997.76,1322804.0
2023,5,18,0,36,0,30.74,42.605,997.74,1316306.0
2023,5,18,0,36,2,30.75,42.605,997.76,1318898.0
2023,5,18,0,36,5,30.75,42.447,997.76,1315015.0
2023,5,18,0,36,7,30.75,42.447,997.78,1317601.0
2023,5,18,0,36,9,30.75,42.291,997.76,1316306.0
2023,5,18,0,36,11,30.75,42.291,997.76,1316306.0
2023,5,18,0,36,13,30.76,42.291,997.76,1321499.0
2023,5,18,0,36,16,30.76,42.408,997.74,1316306.0
2023,5,18,0,36,18,30.76,42.559,997.76,1317601.0
2023,5,18,0,36,20,30.77,42.673,997.80,1322804.0
2023,5,18,0,36,22,30.77,42.799,997.82,1320197.0
2023,5,18,0,36,24,30.77,42.799,997.78,1322804.0
2023,5,18,0,36,26,30.77,42.932,997.80,1315015.0
2023,5,18,0,36,29,30.77,42.932,997.78,1312439.0
2023,5,18,0,36,31,30.77,42.932,997.76,1318898.0
2023,5,18,0,36,33,30.78,42.932,997.76,1316306.0
2023,5,18,0,36,35,30.78,42.809,997.76,1315015.0
2023,5,18,0,36,37,30.79,42.809,997.78,1315015.0
2023,5,18,0,36,40,30.79,42.676,997.78,1320197.0
2023,5,18,0,36,42,30.79,42.676,997.74,1317601.0
2023,5,18,0,36,44,30.80,42.676,997.76,1312439.0
2023,5,18,0,36,46,30.79,42.567,997.76,1313725.0
2023,5,18,0,36,48,30.80,42.567,997.76,1322804.0
2023,5,18,0,36,51,30.80,42.458,997.74,1315015.0
2023,5,18,0,36,53,30.80,42.458,997.72,1326733.0
2023,5,18,0,36,55,30.80,42.326,997.72,1322804.0
2023,5,18,0,36,57,30.81,42.326,997.82,1321499.0
2023,5,18,0,36,59,30.80,42.164,997.72,1320197.0
2023,5,18,0,37,2,30.80,42.164,997.78,1317601.0
2023,5,18,0,37,4,30.80,42.164,997.74,1320197.0
2023,5,18,0,37,6,30.80,42.164,997.74,1315015.0
2023,5,18,0,37,8,30.80,42.164,997.76,1312439.0
2023,5,18,0,37,10,30.80,42.296,997.76,1320197.0
2023,5,18,0,37,12,30.80,42.296,997.72,1313725.0
2023,5,18,0,37,15,30.80,42.296,997.74,1318898.0
2023,5,18,0,37,17,30.81,42.296,997.80,1316306.0
2023,5,18,0,37,19,30.81,42.296,997.76,1316306.0
2023,5,18,0,37,21,30.81,42.296,997.78,1312439.0
2023,5,18,0,37,23,30.81,42.296,997.76,1318898.0
2023,5,18,0,37,26,30.82,42.296,997.74,1317601.0
2023,5,18,0,37,28,30.82,42.296,997.78,1316306.0
2023,5,18,0,37,30,30.82,42.296,997.72,1313725.0
2023,5,18,0,37,32,30.82,42.296,997.72,1315015.0
2023,5,18,0,37,34,30.83,42.197,997.70,1318898.0
2023,5,18,0,37,37,30.83,42.197,997.76,1317601.0
2023,5,18,0,37,39,30.83,42.059,997.78,1315015.0
2023,5,18,0,37,41,30.83,42.059,997.72,1316306.0
2023,5,18,0,37,43,30.83,41.939,997.72,1322804.0
2023,5,18,0,37,45,30.83,41.939,997.74,1320197.0
2023,5,18,0,37,48,30.83,41.939,997.74,1316306.0
2023,5,18,0,37,50,30.83,41.939,997.78,1315015.0
2023,5,18,0,37,52,30.83,41.824,997.76,1316306.0
2023,5,18,0,37,54,30.82,41.824,997.70,1313725.0
2023,5,18,0,37,56,30.82,41.824,997.74,1322804.0
2023,5,18,0,37,58,30.82,41.824,997.74,1324111.0
2023,5,18,0,38,1,30.82,41.824,997.74,1320197.0
2023,5,18,0,38,3,30.82,41.824,997.74,1328048.0
2023,5,18,0,38,5,30.82,41.824,997.72,1322804.0
2023,5,18,0,38,7,30.82,41.824,997.72,1317601.0
2023,5,18,0,38,9,30.82,41.824,997.72,1320197.0
2023,5,18,0,38,12,30.82,41.824,997.74,1313725.0
2023,5,18,0,38,14,30.82,41.824,997.72,1325420.0
2023,5,18,0,38,16,30.82,41.824,997.74,1322804.0
2023,5,18,0,38,18,30.82,41.824,997.74,1324111.0
2023,5,18,0,38,20,30.82,41.929,997.74,1321499.0
2023,5,18,0,38,23,30.82,41.929,997.74,1322804.0
2023,5,18,0,38,25,30.82,41.929,997.72,1320197.0
2023,5,18,0,38,27,30.82,41.929,997.72,1313725.0
2023,5,18,0,38,29,30.83,41.929,997.72,1325420.0
2023,5,18,0,38,31,30.83,41.929,997.76,1318898.0
2023,5,18,0,38,34,30.83,41.929,997.74,1324111.0
2023,5,18,0,38,36,30.83,41.929,997.70,1321499.0
2023,5,18,0,38,38,30.83,41.929,997.72,1320197.0
2023,5,18,0,38,40,30.83,41.929,997.72,1324111.0
2023,5,18,0,38,42,30.83,41.929,997.72,1320197.0
2023,5,18,0,38,45,30.83,41.929,997.76,1318898.0
2023,5,18,0,38,47,30.83,41.929,997.74,1317601.0
2023,5,18,0,38,49,30.83,41.929,997.72,1315015.0
2023,5,18,0,38,51,30.84,41.929,997.74,1330685.0
2023,5,18,0,38,53,30.84,41.929,997.72,1320197.0
2023,5,18,0,38,55,30.85,41.929,997.76,1321499.0
2023,5,18,0,38,58,30.86,42.047,997.72,1316306.0
2023,5,18,0,39,0,30.86,42.047,997.74,1317601.0
2023,5,18,0,39,2,30.86,42.047,997.74,1316306.0
2023,5,18,0,39,4,30.87,42.047,997.74,1316306.0
2023,5,18,0,39,6,30.87,42.047,997.78,1316306.0
2023,5,18,0,39,9,30.88,42.047,997.74,1316306.0
2023,5,18,0,39,11,30.88,41.940,997.72,1318898.0
2023,5,18,0,39,13,30.89,41.940,997.76,1320197.0
2023,5,18,0,39,15,30.89,41.940,997.74,1321499.0
2023,5,18,0,39,17,30.89,41.940,997.74,1320197.0
2023,5,18,0,39,20,30.90,41.793,997.72,1328048.0
2023,5,18,0,39,22,30.90,41.793,997.76,1320197.0
2023,5,18,0,39,24,30.91,41.793,997.72,1326733.0
2023,5,18,0,39,26,30.91,41.793,997.74,1313725.0
2023,5,18,0,39,28,30.92,41.793,997.74,1325420.0
2023,5,18,0,39,31,30.92,41.793,997.74,1322804.0
2023,5,18,0,39,33,30.92,41.793,997.76,1318898.0
2023,5,18,0,39,35,30.93,41.694,997.74,1318898.0
2023,5,18,0,39,37,30.93,41.694,997.76,1317601.0
2023,5,18,0,39,39,30.94,41.694,997.78,1322804.0
2023,5,18,0,39,41,30.94,41.694,997.76,1329365.0
2023,5,18,0,39,44,30.94,41.694,997.76,1322804.0
2023,5,18,0,39,46,30.95,41.694,997.78,1317601.0
2023,5,18,0,39,48,30.95,41.694,997.78,1313725.0
2023,5,18,0,39,50,30.96,41.594,997.76,1326733.0
2023,5,18,0,39,52,30.96,41.594,997.76,1326733.0
2023,5,18,0,39,55,30.97,41.594,997.78,1315015.0
2023,5,18,0,39,57,30.97,41.594,997.78,1326733.0
2023,5,18,0,39,59,30.97,41.594,997.78,1321499.0
2023,5,18,0,40,1,30.97,41.594,997.74,1321499.0
2023,5,18,0,40,3,30.97,41.594,997.76,1315015.0
2023,5,18,0,40,6,30.98,41.594,997.76,1317601.0
2023,5,18,0,40,8,30.97,41.594,997.76,1325420.0
2023,5,18,0,40,10,30.98,41.594,997.74,1326733.0
2023,5,18,0,40,12,30.98,41.594,997.78,1317601.0
2023,5,18,0,40,14,30.98,41.594,997.74,1325420.0
2023,5,18,0,40,17,30.98,41.472,997.72,1317601.0
2023,5,18,0,40,19,30.99,41.472,997.78,1320197.0
2023,5,18,0,40,21,30.99,41.472,997.78,1317601.0
2023,5,18,0,40,23,30.99,41.472,997.76,1315015.0
2023,5,18,0,40,25,30.99,41.472,997.76,1324111.0
2023,5,18,0,40,27,30.99,41.472,997.78,1322804.0
2023,5,18,0,40,30,30.99,41.346,997.76,1318898.0
2023,5,18,0,40,32,30.99,41.346,997.74,1318898.0
2023,5,18,0,40,34,30.99,41.346,997.76,1322804.0
2023,5,18,0,40,36,31.00,41.346,997.74,1324111.0
2023,5,18,0,40,38,31.00,41.346,997.74,1320197.0
2023,5,18,0,40,41,31.00,41.244,997.78,1318898.0
2023,5,18,0,40,43,31.00,41.244,997.76,1321499.0
2023,5,18,0,40,45,31.00,41.244,997.74,1322804.0
2023,5,18,0,40,47,31.00,41.107,997.78,1320197.0
2023,5,18,0,40,49,30.99,41.107,997.78,1321499.0
2023,5,18,0,40,52,30.99,41.107,997.76,1317601.0
2023,5,18,0,40,54,30.99,41.107,997.76,1330685.0
2023,5,18,0,40,56,30.98,41.107,997.76,1329365.0
2023,5,18,0,40,58,30.99,41.107,997.74,1321499.0
2023,5,18,0,41,0,30.98,41.107,997.74,1317601.0
2023,5,18,0,41,3,30.98,41.107,997.74,1324111.0
2023,5,18,0,41,5,30.98,40.987,997.72,1326733.0
2023,5,18,0,41,7,30.99,40.987,997.74,1332008.0
2023,5,18,0,41,9,30.99,40.987,997.76,1325420.0
2023,5,18,0,41,11,30.98,40.987,997.74,1326733.0
2023,5,18,0,41,13,30.99,40.987,997.78,1317601.0
2023,5,18,0,41,16,30.99,40.987,997.74,1326733.0
2023,5,18,0,41,18,30.99,40.987,997.74,1320197.0
2023,5,18,0,41,20,30.99,40.987,997.78,1326733.0
2023,5,18,0,41,22,30.99,40.987,997.76,1326733.0
2023,5,18,0,41,24,30.99,40.987,997.74,1320197.0
2023,5,18,0,41,27,31.00,40.987,997.76,1329365.0
2023,5,18,0,41,29,31.00,40.987,997.72,1325420.0
2023,5,18,0,41,31,31.00,40.987,997.72,1325420.0
2023,5,18,0,41,33,31.01,40.987,997.76,1332008.0
2023,5,18,0,41,35,31.01,40.987,997.74,1324111.0
2023,5,18,0,41,38,31.02,40.987,997.74,1328048.0
2023,5,18,0,41,40,31.02,40.987,997.70,1322804.0
2023,5,18,0,41,42,31.02,40.987,997.70,1326733.0
2023,5,18,0,41,44,31.03,40.987,997.76,1322804.0
2023,5,18,0,41,46,31.03,40.987,997.72,1317601.0
2023,5,18,0,41,49,31.03,40.987,997.74,1330685.0
2023,5,18,0,41,51,31.04,40.987,997.74,1324111.0
2023,5,18,0,41,53,31.04,40.987,997.72,1320197.0
2023,5,18,0,41,55,31.04,41.097,997.72,1322804.0
2023,5,18,0,41,57,31.05,41.097,997.74,1317601.0
2023,5,18,0,41,59,31.05,41.097,997.74,1317601.0
2023,5,18,0,42,2,31.05,41.097,997.72,1313725.0
2023,5,18,0,42,4,31.06,41.097,997.72,1317601.0
2023,5,18,0,42,6,31.06,41.097,997.70,1309873.0
2023,5,18,0,42,8,31.06,41.097,997.72,1313725.0
2023,5,18,0,42,10,31.07,41.097,997.72,1309873.0
2023,5,18,0,42,13,31.07,41.097,997.74,1315015.0
2023,5,18,0,42,15,31.08,41.097,997.74,1313725.0
2023,5,18,0,42,17,31.08,41.097,997.70,1316306.0
2023,5,18,0,42,19,31.08,41.097,997.72,1315015.0
2023,5,18,0,42,21,31.08,41.097,997.74,1313725.0
2023,5,18,0,42,24,31.08,41.097,997.74,1312439.0
2023,5,18,0,42,26,31.08,41.097,997.72,1321499.0
2023,5,18,0,42,28,31.08,41.097,997.70,1312439.0
2023,5,18,0,42,30,31.08,41.097,997.70,1311155.0
2023,5,18,0,42,32,31.07,41.097,997.72,1315015.0
2023,5,18,0,42,35,31.08,41.097,997.74,1316306.0
2023,5,18,0,42,37,31.07,41.097,997.74,1316306.0
2023,5,18,0,42,39,31.07,41.097,997.70,1315015.0
2023,5,18,0,42,41,31.07,40.995,997.72,1313725.0
2023,5,18,0,42,43,31.07,40.995,997.72,1315015.0
2023,5,18,0,42,45,31.06,40.995,997.72,1309873.0
2023,5,18,0,42,48,31.06,40.995,997.72,1316306.0
2023,5,18,0,42,50,31.06,40.995,997.74,1312439.0
2023,5,18,0,42,52,31.05,40.896,997.74,1318898.0
2023,5,18,0,42,54,31.05,40.896,997.74,1311155.0
2023,5,18,0,42,56,31.05,40.896,997.72,1313725.0
2023,5,18,0,42,59,31.04,40.896,997.72,1316306.0
2023,5,18,0,43,1,31.04,40.896,997.72,1320197.0
2023,5,18,0,43,3,31.03,40.896,997.72,1321499.0
2023,5,18,0,43,5,31.03,40.896,997.76,1312439.0
2023,5,18,0,43,7,31.03,40.896,997.74,1321499.0
2023,5,18,0,43,10,31.02,40.896,997.62,1315015.0
2023,5,18,0,43,12,31.03,40.896,997.74,1329365.0
2023,5,18,0,43,14,31.02,40.896,997.72,1312439.0
2023,5,18,0,43,16,31.02,40.896,997.72,1320197.0
2023,5,18,0,43,18,31.02,40.896,997.72,1322804.0
2023,5,18,0,43,21,31.02,40.896,997.74,1321499.0
2023,5,18,0,43,23,31.01,40.896,997.74,1326733.0
2023,5,18,0,43,25,31.01,40.896,997.72,1322804.0
2023,5,18,0,43,27,31.01,40.896,997.76,1316306.0
2023,5,18,0,43,29,31.01,40.896,997.72,1325420.0
2023,5,18,0,43,31,31.00,40.896,997.72,1324111.0
2023,5,18,0,43,34,31.01,40.896,997.74,1318898.0
2023,5,18,0,43,36,31.00,40.896,997.72,1313725.0
2023,5,18,0,43,38,31.00,40.896,997.74,1318898.0
2023,5,18,0,43,40,31.00,40.896,997.72,1318898.0
2023,5,18,0,43,42,31.00,41.010,997.72,1317601.0
2023,5,18,0,43,45,31.00,41.010,997.74,1316306.0
2023,5,18,0,43,47,31.00,41.010,997.72,1330685.0
2023,5,18,0,43,49,31.01,41.010,997.74,1315015.0
2023,5,18,0,43,51,31.00,41.010,997.72,1324111.0
2023,5,18,0,43,53,31.00,40.910,997.72,1326733.0
2023,5,18,0,43,56,31.00,40.910,997.72,1328048.0
2023,5,18,0,43,58,31.00,40.910,997.74,1320197.0
2023,5,18,0,44,0,30.99,40.910,997.76,1316306.0
2023,5,18,0,44,2,30.99,40.910,997.72,1329365.0
2023,5,18,0,44,4,30.99,40.910,997.74,1322804.0
2023,5,18,0,44,7,30.99,40.910,997.74,1328048.0
2023,5,18,0,44,9,30.99,40.910,997.74,1328048.0
2023,5,18,0,44,11,30.99,40.910,997.74,1316306.0
2023,5,18,0,44,13,30.98,40.910,997.70,1317601.0
2023,5,18,0,44,15,30.98,40.910,997.72,1321499.0
2023,5,18,0,44,17,30.98,40.910,997.74,1322804.0
2023,5,18,0,44,20,30.98,40.910,997.70,1329365.0
2023,5,18,0,44,22,30.98,40.910,997.62,1325420.0
2023,5,18,0,44,24,30.98,40.910,997.70,1330685.0
2023,5,18,0,44,26,30.97,40.910,997.72,1330685.0
2023,5,18,0,44,28,30.97,40.910,997.74,1325420.0
2023,5,18,0,44,31,30.96,41.009,997.70,1332008.0
2023,5,18,0,44,33,30.96,41.009,997.70,1333333.0
2023,5,18,0,44,35,30.96,41.152,997.72,1326733.0
2023,5,18,0,44,37,30.96,41.152,997.72,1329365.0
2023,5,18,0,44,39,30.96,41.349,997.72,1332008.0
2023,5,18,0,44,42,30.96,41.349,997.72,1321499.0
2023,5,18,0,44,44,30.96,41.494,997.70,1332008.0
2023,5,18,0,44,46,30.96,41.494,997.72,1325420.0
2023,5,18,0,44,48,30.95,41.494,997.76,1324111.0
2023,5,18,0,44,50,30.94,41.494,997.72,1328048.0
2023,5,18,0,44,53,30.95,41.494,997.72,1324111.0
2023,5,18,0,44,55,30.95,41.494,997.72,1325420.0
2023,5,18,0,44,57,30.94,41.595,997.76,1320197.0
2023,5,18,0,44,59,30.94,41.595,997.74,1326733.0
2023,5,18,0,45,1,30.93,41.595,997.74,1333333.0
2023,5,18,0,45,3,30.93,41.725,997.72,1321499.0
2023,5,18,0,45,6,30.93,41.725,997.74,1317601.0
2023,5,18,0,45,8,30.93,41.725,997.72,1333333.0
2023,5,18,0,45,10,30.93,41.843,997.72,1328048.0
2023,5,18,0,45,12,30.93,41.843,997.74,1332008.0
2023,5,18,0,45,14,30.92,41.843,997.62,1328048.0
2023,5,18,0,45,17,30.92,41.958,997.72,1320197.0
2023,5,18,0,45,19,30.91,41.958,997.70,1326733.0
2023,5,18,0,45,21,30.91,41.958,997.62,1330685.0
2023,5,18,0,45,23,30.91,41.958,997.62,1326733.0
2023,5,18,0,45,25,30.91,41.958,997.62,1330685.0
2023,5,18,0,45,28,30.90,41.958,997.62,1325420.0
2023,5,18,0,45,30,30.90,41.958,997.62,1329365.0
2023,5,18,0,45,32,30.90,42.088,997.62,1328048.0
2023,5,18,0,45,34,30.89,42.088,997.60,1326733.0
2023,5,18,0,45,36,30.89,42.088,997.62,1324111.0
2023,5,18,0,45,39,30.89,42.088,997.70,1318898.0
2023,5,18,0,45,41,30.89,42.216,997.72,1332008.0
2023,5,18,0,45,43,30.89,42.216,997.70,1325420.0
2023,5,18,0,45,45,30.89,42.216,997.62,1321499.0
2023,5,18,0,45,47,30.89,42.216,997.60,1329365.0
2023,5,18,0,45,50,30.89,42.216,997.62,1322804.0
2023,5,18,0,45,52,30.89,42.325,997.70,1318898.0
2023,5,18,0,45,54,30.89,42.325,997.58,1315015.0
2023,5,18,0,45,56,30.89,42.325,997.62,1326733.0
2023,5,18,0,45,58,30.89,42.325,997.62,1328048.0
2023,5,18,0,46,0,30.89,42.325,997.70,1326733.0
2023,5,18,0,46,3,30.89,42.325,997.58,1330685.0
2023,5,18,0,46,5,30.89,42.325,997.70,1322804.0
2023,5,18,0,46,7,30.89,42.325,997.70,1318898.0
2023,5,18,0,46,9,30.89,42.325,997.62,1325420.0
2023,5,18,0,46,11,30.89,42.325,997.70,1325420.0
2023,5,18,0,46,14,30.88,42.325,997.62,1322804.0
2023,5,18,0,46,16,30.88,42.325,997.60,1320197.0
2023,5,18,0,46,18,30.88,42.325,997.60,1329365.0
2023,5,18,0,46,20,30.89,42.325,997.62,1326733.0
2023,5,18,0,46,22,30.88,42.325,997.60,1322804.0
2023,5,18,0,46,25,30.88,42.325,997.62,1317601.0
2023,5,18,0,46,27,30.88,42.434,997.72,1321499.0
2023,5,18,0,46,29,30.88,42.434,997.60,1325420.0
2023,5,18,0,46,31,30.88,42.434,997.62,1322804.0
2023,5,18,0,46,33,30.89,42.434,997.58,1321499.0
2023,5,18,0,46,36,30.89,42.566,997.62,1328048.0
2023,5,18,0,46,38,30.90,42.566,997.62,1322804.0
2023,5,18,0,46,40,30.90,42.566,997.58,1321499.0
2023,5,18,0,46,42,30.90,42.566,997.62,1320197.0
2023,5,18,0,46,44,30.90,42.566,997.62,1326733.0
2023,5,18,0,46,46,30.90,42.566,997.60,1315015.0
2023,5,18,0,46,49,30.90,42.566,997.62,1317601.0
2023,5,18,0,46,51,30.90,42.566,997.60,1320197.0
2023,5,18,0,46,53,30.91,42.689,997.60,1328048.0
2023,5,18,0,46,55,30.92,42.689,997.60,1321499.0
2023,5,18,0,46,57,30.93,42.689,997.70,1333333.0
2023,5,18,0,47,0,30.93,42.794,997.70,1321499.0
2023,5,18,0,47,2,30.94,42.794,997.62,1320197.0
2023,5,18,0,47,4,30.94,42.794,997.70,1321499.0
2023,5,18,0,47,6,30.95,42.794,997.72,1321499.0
2023,5,18,0,47,8,30.96,42.794,997.62,1315015.0
2023,5,18,0,47,11,30.97,42.794,997.72,1325420.0
2023,5,18,0,47,13,30.96,42.794,997.62,1322804.0
2023,5,18,0,47,15,30.97,42.794,997.62,1326733.0
2023,5,18,0,47,17,30.98,42.794,997.70,1313725.0
2023,5,18,0,47,19,30.98,42.794,997.60,1326733.0
2023,5,18,0,47,22,30.99,42.794,997.62,1320197.0
2023,5,18,0,47,24,30.99,42.794,997.62,1324111.0
2023,5,18,0,47,26,30.99,42.794,997.70,1318898.0
2023,5,18,0,47,28,30.99,42.794,997.60,1317601.0
2023,5,18,0,47,30,31.00,42.794,997.60,1318898.0
2023,5,18,0,47,32,31.01,42.794,997.60,1315015.0
2023,5,18,0,47,35,31.01,42.794,997.60,1324111.0
2023,5,18,0,47,37,31.01,42.794,997.60,1321499.0
2023,5,18,0,47,39,31.03,42.794,997.70,1322804.0
2023,5,18,0,47,41,31.03,42.794,997.58,1317601.0
2023,5,18,0,47,43,31.04,42.794,997.60,1315015.0
2023,5,18,0,47,46,31.04,42.794,997.60,1328048.0
2023,5,18,0,47,48,31.04,42.794,997.60,1315015.0
2023,5,18,0,47,50,31.04,42.794,997.60,1320197.0
2023,5,18,0,47,52,31.04,42.794,997.58,1325420.0
2023,5,18,0,47,54,31.05,42.794,997.60,1328048.0
2023,5,18,0,47,57,31.06,42.794,997.60,1312439.0
2023,5,18,0,47,59,31.05,42.794,997.60,1320197.0
2023,5,18,0,48,1,31.06,42.794,997.56,1318898.0
2023,5,18,0,48,3,31.05,42.900,997.60,1322804.0
2023,5,18,0,48,5,31.06,42.900,997.60,1321499.0
2023,5,18,0,48,8,31.06,42.900,997.58,1317601.0
2023,5,18,0,48,10,31.06,42.900,997.60,1322804.0
2023,5,18,0,48,12,31.06,42.900,997.56,1320197.0
2023,5,18,0,48,14,31.06,42.900,997.60,1325420.0
2023,5,18,0,48,16,31.06,42.900,997.60,1322804.0
2023,5,18,0,48,18,31.06,43.045,997.56,1324111.0
2023,5,18,0,48,21,31.06,43.045,997.56,1322804.0
2023,5,18,0,48,23,31.07,43.045,997.60,1322804.0
2023,5,18,0,48,25,31.07,43.045,997.60,1321499.0
2023,5,18,0,48,27,31.07,43.162,997.60,1321499.0
2023,5,18,0,48,29,31.07,43.162,997.60,1322804.0
2023,5,18,0,48,32,31.07,43.162,997.58,1317601.0
2023,5,18,0,48,34,31.08,43.162,997.58,1322804.0
2023,5,18,0,48,36,31.08,43.295,997.58,1317601.0
2023,5,18,0,48,38,31.08,43.295,997.60,1324111.0
2023,5,18,0,48,40,31.09,43.295,997.70,1321499.0
2023,5,18,0,48,43,31.09,43.295,997.60,1315015.0
2023,5,18,0,48,45,31.10,43.295,997.62,1321499.0
2023,5,18,0,48,47,31.10,43.295,997.60,1321499.0
2023,5,18,0,48,49,31.10,43.295,997.60,1316306.0
2023,5,18,0,48,51,31.10,43.295,997.60,1322804.0
2023,5,18,0,48,54,31.10,43.295,997.62,1322804.0
2023,5,18,0,48,56,31.11,43.295,997.62,1313725.0
2023,5,18,0,48,58,31.11,43.398,997.62,1321499.0
2023,5,18,0,49,0,31.11,43.398,997.70,1317601.0
2023,5,18,0,49,2,31.11,43.398,997.62,1322804.0
2023,5,18,0,49,4,31.11,43.398,997.62,1315015.0
2023,5,18,0,49,7,31.11,43.398,997.62,1318898.0
2023,5,18,0,49,9,31.12,43.398,997.60,1312439.0
2023,5,18,0,49,11,31.12,43.398,997.58,1317601.0
2023,5,18,0,49,13,31.11,43.398,997.60,1315015.0
2023,5,18,0,49,15,31.12,43.398,997.60,1320197.0
2023,5,18,0,49,18,31.11,43.398,997.58,1320197.0
2023,5,18,0,49,20,31.12,43.398,997.60,1313725.0
2023,5,18,0,49,22,31.11,43.398,997.62,1316306.0
2023,5,18,0,49,24,31.11,43.398,997.58,1321499.0
2023,5,18,0,49,26,31.12,43.516,997.62,1320197.0
2023,5,18,0,49,29,31.12,43.516,997.56,1313725.0
2023,5,18,0,49,31,31.12,43.516,997.58,1318898.0
2023,5,18,0,49,33,31.13,43.516,997.60,1320197.0
2023,5,18,0,49,35,31.12,43.516,997.62,1320197.0
2023,5,18,0,49,37,31.13,43.516,997.60,1316306.0
2023,5,18,0,49,40,31.12,43.516,997.62,1316306.0
2023,5,18,0,49,42,31.13,43.631,997.60,1318898.0
2023,5,18,0,49,44,31.12,43.631,997.62,1315015.0
2023,5,18,0,49,46,31.12,43.631,997.60,1317601.0
2023,5,18,0,49,48,31.13,43.631,997.60,1316306.0
2023,5,18,0,49,50,31.13,43.759,997.58,1317601.0
2023,5,18,0,49,53,31.13,43.759,997.60,1316306.0
2023,5,18,0,49,55,31.13,43.759,997.58,1320197.0
2023,5,18,0,49,57,31.13,43.759,997.62,1315015.0
2023,5,18,0,49,59,31.13,43.759,997.60,1320197.0
2023,5,18,0,50,1,31.14,43.759,997.60,1316306.0
2023,5,18,0,50,4,31.14,43.859,997.60,1316306.0
2023,5,18,0,50,6,31.14,43.859,997.60,1315015.0
2023,5,18,0,50,8,31.14,43.859,997.62,1321499.0
2023,5,18,0,50,10,31.15,43.859,997.62,1317601.0
2023,5,18,0,50,12,31.14,43.967,997.62,1318898.0
2023,5,18,0,50,15,31.15,43.967,997.62,1320197.0
2023,5,18,0,50,17,31.15,43.967,997.60,1312439.0
2023,5,18,0,50,19,31.16,43.967,997.60,1315015.0
2023,5,18,0,50,21,31.16,44.083,997.58,1315015.0
2023,5,18,0,50,23,31.16,44.083,997.60,1312439.0
2023,5,18,0,50,26,31.16,44.083,997.60,1315015.0
2023,5,18,0,50,28,31.17,44.083,997.62,1313725.0
2023,5,18,0,50,30,31.17,44.083,997.62,1311155.0
2023,5,18,0,50,32,31.17,44.083,997.70,1307317.0
2023,5,18,0,50,34,31.17,44.192,997.60,1315015.0
2023,5,18,0,50,36,31.18,44.192,997.58,1316306.0
2023,5,18,0,50,39,31.18,44.192,997.58,1311155.0
2023,5,18,0,50,41,31.19,44.192,997.58,1307317.0
2023,5,18,0,50,43,31.19,44.192,997.60,1326733.0
2023,5,18,0,50,45,31.19,44.192,997.58,1313725.0
2023,5,18,0,50,47,31.19,44.192,997.56,1316306.0
2023,5,18,0,50,50,31.20,44.192,997.58,1317601.0
2023,5,18,0,50,52,31.20,44.192,997.56,1309873.0
2023,5,18,0,50,54,31.21,44.192,997.60,1317601.0
2023,5,18,0,50,56,31.21,44.192,997.58,1309873.0
2023,5,18,0,50,58,31.21,44.192,997.52,1320197.0
2023,5,18,0,51,1,31.22,44.306,997.58,1312439.0
2023,5,18,0,51,3,31.22,44.306,997.54,1318898.0
2023,5,18,0,51,5,31.22,44.306,997.56,1313725.0
2023,5,18,0,51,7,31.24,44.306,997.62,1304771.0
2023,5,18,0,51,9,31.24,44.306,997.60,1307317.0
2023,5,18,0,51,12,31.25,44.306,997.70,1307317.0
2023,5,18,0,51,14,31.25,44.306,997.60,1300971.0
2023,5,18,0,51,16,31.25,44.306,997.58,1306043.0
2023,5,18,0,51,18,31.26,44.306,997.56,1303502.0
2023,5,18,0,51,20,31.27,44.306,997.58,1311155.0
2023,5,18,0,51,22,31.27,44.306,997.58,1293436.0
2023,5,18,0,51,25,31.27,44.306,997.52,1299709.0
2023,5,18,0,51,27,31.28,44.306,997.54,1302235.0
2023,5,18,0,51,29,31.29,44.306,997.62,1293436.0
2023,5,18,0,51,31,31.29,44.306,997.56,1289702.0
2023,5,18,0,51,33,31.29,44.306,997.56,1294686.0
2023,5,18,0,51,36,31.30,44.306,997.56,1309873.0
2023,5,18,0,51,38,31.30,44.306,997.58,1299709.0
2023,5,18,0,51,40,31.30,44.306,997.56,1294686.0
2023,5,18,0,51,42,31.30,44.306,997.54,1299709.0
2023,5,18,0,51,44,31.30,44.306,997.58,1295938.0
2023,5,18,0,51,47,31.30,44.306,997.58,1287224.0
2023,5,18,0,51,49,31.30,44.195,997.54,1303502.0
2023,5,18,0,51,51,31.30,44.195,997.56,1293436.0
2023,5,18,0,51,53,31.30,44.195,997.58,1298450.0
2023,5,18,0,51,55,31.31,44.195,997.56,1293436.0
2023,5,18,0,51,58,31.32,44.195,997.56,1290944.0
2023,5,18,0,52,0,31.32,44.195,997.58,1287224.0
2023,5,18,0,52,2,31.32,44.195,997.56,1289702.0
2023,5,18,0,52,4,31.32,44.195,997.58,1292189.0
2023,5,18,0,52,6,31.33,44.195,997.56,1288462.0
2023,5,18,0,52,9,31.32,44.195,997.60,1284756.0
2023,5,18,0,52,11,31.32,44.195,997.56,1283525.0
2023,5,18,0,52,13,31.32,44.321,997.54,1285988.0
2023,5,18,0,52,15,31.33,44.321,997.52,1288462.0
2023,5,18,0,52,17,31.32,44.321,997.56,1289702.0
2023,5,18,0,52,19,31.32,44.441,997.54,1290944.0
2023,5,18,0,52,22,31.33,44.441,997.52,1292189.0
2023,5,18,0,52,24,31.33,44.441,997.54,1288462.0
2023,5,18,0,52,26,31.33,44.540,997.54,1285988.0
2023,5,18,0,52,28,31.33,44.540,997.54,1290944.0
2023,5,18,0,52,30,31.34,44.540,997.52,1287224.0
2023,5,18,0,52,33,31.34,44.540,997.52,1283525.0
2023,5,18,0,52,35,31.34,44.540,997.52,1290944.0
2023,5,18,0,52,37,31.34,44.540,997.54,1288462.0
2023,5,18,0,52,39,31.35,44.644,997.54,1285988.0
2023,5,18,0,52,41,31.36,44.644,997.54,1287224.0
2023,5,18,0,52,44,31.36,44.644,997.52,1292189.0
2023,5,18,0,52,46,31.37,44.644,997.54,1304771.0
2023,5,18,0,52,48,31.37,44.644,997.54,1289702.0
2023,5,18,0,52,50,31.38,44.644,997.52,1292189.0
2023,5,18,0,52,52,31.39,44.644,997.56,1289702.0
2023,5,18,0,52,55,31.39,44.644,997.54,1289702.0
2023,5,18,0,52,57,31.40,44.644,997.52,1287224.0
2023,5,18,0,52,59,31.41,44.644,997.58,1292189.0
2023,5,18,0,53,1,31.41,44.644,997.54,1287224.0
2023,5,18,0,53,3,31.41,44.644,997.54,1288462.0
2023,5,18,0,53,5,31.42,44.644,997.56,1287224.0
2023,5,18,0,53,8,31.42,44.644,997.50,1287224.0
2023,5,18,0,53,10,31.43,44.644,997.56,1290944.0
2023,5,18,0,53,12,31.43,44.644,997.56,1287224.0
2023,5,18,0,53,14,31.44,44.644,997.54,1287224.0
2023,5,18,0,53,16,31.44,44.644,997.56,1294686.0
2023,5,18,0,53,19,31.45,44.644,997.56,1298450.0
2023,5,18,0,53,21,31.44,44.644,997.56,1285988.0
2023,5,18,0,53,23,31.46,44.644,997.52,1287224.0
2023,5,18,0,53,25,31.45,44.644,997.56,1293436.0
2023,5,18,0,53,27,31.46,44.644,997.58,1285988.0
2023,5,18,0,53,30,31.46,44.644,997.56,1284756.0
2023,5,18,0,53,32,31.46,44.644,997.60,1287224.0
2023,5,18,0,53,34,31.46,44.525,997.54,1287224.0
2023,5,18,0,53,36,31.46,44.525,997.56,1287224.0
2023,5,18,0,53,38,31.46,44.525,997.58,1289702.0
2023,5,18,0,53,41,31.46,44.525,997.58,1288462.0
2023,5,18,0,53,43,31.46,44.525,997.58,1290944.0
2023,5,18,0,53,45,31.46,44.525,997.56,1297193.0
2023,5,18,0,53,47,31.46,44.525,997.58,1283525.0
2023,5,18,0,53,49,31.46,44.525,997.54,1284756.0
2023,5,18,0,53,51,31.46,44.525,997.58,1293436.0
2023,5,18,0,53,54,31.46,44.525,997.58,1297193.0
2023,5,18,0,53,56,31.46,44.525,997.56,1290944.0
2023,5,18,0,53,58,31.46,44.525,997.56,1284756.0
2023,5,18,0,54,0,31.46,44.525,997.54,1299709.0
2023,5,18,0,54,2,31.46,44.525,997.58,1298450.0
2023,5,18,0,54,5,31.47,44.525,997.60,1289702.0
2023,5,18,0,54,7,31.47,44.525,997.60,1288462.0
2023,5,18,0,54,9,31.47,44.525,997.58,1284756.0
2023,5,18,0,54,11,31.47,44.625,997.60,1303502.0
2023,5,18,0,54,13,31.47,44.625,997.60,1299709.0
2023,5,18,0,54,16,31.47,44.625,997.54,1292189.0
2023,5,18,0,54,18,31.47,44.625,997.56,1288462.0
2023,5,18,0,54,20,31.48,44.625,997.58,1289702.0
2023,5,18,0,54,22,31.48,44.625,997.58,1292189.0
2023,5,18,0,54,24,31.48,44.625,997.56,1292189.0
2023,5,18,0,54,27,31.48,44.625,997.54,1303502.0
2023,5,18,0,54,29,31.48,44.625,997.60,1288462.0
2023,5,18,0,54,31,31.48,44.625,997.56,1285988.0
2023,5,18,0,54,33,31.49,44.625,997.56,1289702.0
2023,5,18,0,54,35,31.48,44.625,997.56,1289702.0
2023,5,18,0,54,37,31.49,44.625,997.58,1289702.0
2023,5,18,0,54,40,31.49,44.625,997.56,1294686.0
2023,5,18,0,54,42,31.49,44.625,997.56,1297193.0
2023,5,18,0,54,44,31.49,44.625,997.56,1287224.0
2023,5,18,0,54,46,31.49,44.625,997.56,1290944.0
2023,5,18,0,54,48,31.49,44.625,997.54,1293436.0
2023,5,18,0,54,51,31.50,44.724,997.56,1289702.0
2023,5,18,0,54,53,31.50,44.724,997.56,1299709.0
2023,5,18,0,54,55,31.50,44.724,997.54,1299709.0
2023,5,18,0,54,57,31.50,44.724,997.54,1288462.0
2023,5,18,0,54,59,31.50,44.724,997.54,1290944.0
2023,5,18,0,55,2,31.51,44.724,997.56,1293436.0
2023,5,18,0,55,4,31.51,44.724,997.56,1295938.0
2023,5,18,0,55,6,31.51,44.724,997.54,1287224.0
2023,5,18,0,55,8,31.52,44.824,997.54,1285988.0
2023,5,18,0,55,10,31.52,44.824,997.60,1284756.0
2023,5,18,0,55,13,31.53,44.824,997.56,1281071.0
2023,5,18,0,55,15,31.53,44.824,997.56,1293436.0
2023,5,18,0,55,17,31.53,44.824,997.56,1293436.0
2023,5,18,0,55,19,31.54,44.824,997.56,1300971.0
2023,5,18,0,55,21,31.54,44.824,997.54,1287224.0
2023,5,18,0,55,23,31.54,44.824,997.52,1285988.0
2023,5,18,0,55,26,31.55,44.824,997.58,1283525.0
2023,5,18,0,55,28,31.55,44.824,997.58,1292189.0
2023,5,18,0,55,30,31.55,44.824,997.58,1287224.0
2023,5,18,0,55,32,31.55,44.824,997.56,1282297.0
2023,5,18,0,55,34,31.56,44.824,997.60,1289702.0
2023,5,18,0,55,37,31.55,44.824,997.56,1289702.0
2023,5,18,0,55,39,31.55,44.824,997.54,1285988.0
2023,5,18,0,55,41,31.56,44.824,997.58,1284756.0
2023,5,18,0,55,43,31.56,44.824,997.54,1282297.0
2023,5,18,0,55,45,31.56,44.824,997.56,1297193.0
2023,5,18,0,55,48,31.56,44.824,997.56,1288462.0
2023,5,18,0,55,50,31.56,44.824,997.58,1285988.0
2023,5,18,0,55,52,31.56,44.824,997.58,1294686.0
2023,5,18,0,55,54,31.57,44.824,997.56,1277407.0
2023,5,18,0,55,56,31.57,44.824,997.56,1292189.0
2023,5,18,0,55,59,31.56,44.824,997.56,1292189.0
2023,5,18,0,56,1,31.57,44.824,997.54,1284756.0
2023,5,18,0,56,3,31.58,44.824,997.58,1283525.0
2023,5,18,0,56,5,31.57,44.824,997.54,1295938.0
2023,5,18,0,56,7,31.58,44.824,997.60,1293436.0
2023,5,18,0,56,10,31.58,44.824,997.56,1290944.0
2023,5,18,0,56,12,31.58,44.824,997.54,1287224.0
2023,5,18,0,56,14,31.58,44.824,997.52,1284756.0
2023,5,18,0,56,16,31.59,44.824,997.56,1294686.0
2023,5,18,0,56,18,31.58,44.824,997.58,1283525.0
2023,5,18,0,56,20,31.58,44.824,997.52,1294686.0
2023,5,18,0,56,23,31.59,44.824,997.54,1283525.0
2023,5,18,0,56,25,31.58,44.824,997.58,1287224.0
2023,5,18,0,56,27,31.58,44.824,997.56,1284756.0
2023,5,18,0,56,29,31.59,44.824,997.54,1282297.0
2023,5,18,0,56,31,31.59,44.824,997.56,1285988.0
2023,5,18,0,56,34,31.59,44.824,997.56,1287224.0
2023,5,18,0,56,36,31.59,44.824,997.58,1287224.0
2023,5,18,0,56,38,31.59,44.824,997.54,1287224.0
2023,5,18,0,56,40,31.59,44.824,997.56,1289702.0
2023,5,18,0,56,42,31.60,44.721,997.54,1290944.0
2023,5,18,0,56,45,31.60,44.721,997.54,1287224.0
2023,5,18,0,56,47,31.60,44.721,997.54,1290944.0
2023,5,18,0,56,49,31.60,44.721,997.56,1292189.0
2023,5,18,0,56,51,31.60,44.721,997.56,1284756.0
2023,5,18,0,56,53,31.61,44.721,997.54,1279847.0
2023,5,18,0,56,56,31.61,44.721,997.54,1279847.0
2023,5,18,0,56,58,31.61,44.721,997.52,1282297.0
2023,5,18,0,57,0,31.62,44.721,997.56,1289702.0
2023,5,18,0,57,2,31.62,44.612,997.54,1298450.0
2023,5,18,0,57,4,31.62,44.612,997.52,1278626.0
2023,5,18,0,57,6,31.62,44.612,997.50,1279847.0
2023,5,18,0,57,9,31.62,44.612,997.54,1284756.0
2023,5,18,0,57,11,31.62,44.612,997.52,1285988.0
2023,5,18,0,57,13,31.62,44.508,997.54,1274976.0
2023,5,18,0,57,15,31.62,44.508,997.52,1289702.0
2023,5,18,0,57,17,31.63,44.508,997.56,1292189.0
2023,5,18,0,57,20,31.63,44.508,997.52,1287224.0
2023,5,18,0,57,22,31.63,44.508,997.54,1279847.0
2023,5,18,0,57,24,31.63,44.508,997.54,1278626.0
2023,5,18,0,57,26,31.63,44.508,997.52,1276190.0
2023,5,18,0,57,28,31.64,44.508,997.50,1279847.0
2023,5,18,0,57,31,31.64,44.508,997.52,1281071.0
2023,5,18,0,57,33,31.64,44.508,997.52,1281071.0
2023,5,18,0,57,35,31.64,44.508,997.52,1287224.0
2023,5,18,0,57,37,31.64,44.508,997.54,1289702.0
2023,5,18,0,57,39,31.64,44.508,997.54,1282297.0
2023,5,18,0,57,42,31.63,44.508,997.50,1284756.0
2023,5,18,0,57,44,31.63,44.508,997.52,1273764.0
2023,5,18,0,57,46,31.63,44.608,997.52,1288462.0
2023,5,18,0,57,48,31.63,44.608,997.50,1278626.0
2023,5,18,0,57,50,31.63,44.608,997.50,1277407.0
2023,5,18,0,57,52,31.63,44.608,997.50,1287224.0
2023,5,18,0,57,55,31.63,44.608,997.52,1277407.0
2023,5,18,0,57,57,31.63,44.608,997.50,1279847.0
2023,5,18,0,57,59,31.63,44.608,997.52,1278626.0
2023,5,18,0,58,1,31.62,44.608,997.46,1277407.0
2023,5,18,0,58,3,31.62,44.608,997.54,1279847.0
2023,5,18,0,58,6,31.62,44.608,997.50,1276190.0
2023,5,18,0,58,8,31.62,44.608,997.52,1278626.0
2023,5,18,0,58,10,31.61,44.608,997.52,1272555.0
2023,5,18,0,58,12,31.61,44.608,997.54,1285988.0
2023,5,18,0,58,14,31.61,44.721,997.52,1272555.0
2023,5,18,0,58,17,31.61,44.721,997.50,1294686.0
2023,5,18,0,58,19,31.62,44.721,997.50,1288462.0
2023,5,18,0,58,21,31.62,44.721,997.52,1279847.0
2023,5,18,0,58,23,31.62,44.721,997.54,1283525.0
2023,5,18,0,58,25,31.62,44.721,997.52,1284756.0
2023,5,18,0,58,28,31.62,44.721,997.50,1273764.0
2023,5,18,0,58,30,31.62,44.721,997.52,1277407.0
2023,5,18,0,58,32,31.63,44.721,997.50,1278626.0
2023,5,18,0,58,34,31.63,44.721,997.48,1284756.0
2023,5,18,0,58,36,31.63,44.721,997.48,1278626.0
2023,5,18,0,58,38,31.64,44.721,997.52,1279847.0
2023,5,18,0,58,41,31.63,44.721,997.48,1282297.0
2023,5,18,0,58,43,31.63,44.721,997.48,1278626.0
2023,5,18,0,58,45,31.64,44.721,997.52,1271347.0
2023,5,18,0,58,47,31.64,44.721,997.48,1282297.0
2023,5,18,0,58,49,31.64,44.721,997.52,1278626.0
2023,5,18,0,58,52,31.64,44.721,997.50,1270142.0
2023,5,18,0,58,54,31.64,44.620,997.48,1274976.0
2023,5,18,0,58,56,31.64,44.620,997.50,1274976.0
2023,5,18,0,58,58,31.64,44.620,997.50,1277407.0
2023,5,18,0,59,0,31.64,44.620,997.50,1274976.0
2023,5,18,0,59,3,31.64,44.620,997.50,1274976.0
2023,5,18,0,59,5,31.64,44.620,997.48,1276190.0
2023,5,18,0,59,7,31.65,44.620,997.48,1272555.0
2023,5,18,0,59,9,31.64,44.620,997.50,1270142.0
2023,5,18,0,59,11,31.65,44.620,997.48,1281071.0
2023,5,18,0,59,14,31.65,44.620,997.50,1278626.0
2023,5,18,0,59,16,31.65,44.620,997.48,1279847.0
2023,5,18,0,59,18,31.65,44.620,997.50,1274976.0
2023,5,18,0,59,20,31.65,44.620,997.50,1278626.0
2023,5,18,0,59,22,31.65,44.620,997.50,1288462.0
2023,5,18,0,59,24,31.65,44.620,997.44,1274976.0
2023,5,18,0,59,27,31.65,44.620,997.48,1277407.0
2023,5,18,0,59,29,31.65,44.620,997.46,1282297.0
2023,5,18,0,59,31,31.66,44.620,997.46,1279847.0
2023,5,18,0,59,33,31.65,44.620,997.46,1270142.0
2023,5,18,0,59,35,31.65,44.620,997.46,1274976.0
2023,5,18,0,59,38,31.65,44.504,997.46,1279847.0
2023,5,18,0,59,40,31.64,44.504,997.50,1272555.0
2023,5,18,0,59,42,31.64,44.504,997.50,1282297.0
2023,5,18,0,59,44,31.64,44.504,997.48,1274976.0
2023,5,18,0,59,46,31.64,44.504,997.48,1274976.0
2023,5,18,0,59,49,31.64,44.504,997.46,1278626.0
2023,5,18,0,59,51,31.64,44.504,997.48,1272555.0
2023,5,18,0,59,53,31.63,44.504,997.46,1270142.0
2023,5,18,0,59,55,31.63,44.504,997.44,1276190.0
2023,5,18,0,59,57,31.63,44.504,997.46,1274976.0
2023,5,18,1,0,0,31.63,44.504,997.48,1273764.0
2023,5,18,1,0,2,31.63,44.504,997.46,1284756.0
2023,5,18,1,0,4,31.62,44.398,997.48,1273764.0
2023,5,18,1,0,6,31.62,44.398,997.52,1273764.0
2023,5,18,1,0,8,31.62,44.398,997.44,1272555.0
2023,5,18,1,0,11,31.62,44.398,997.48,1282297.0
2023,5,18,1,0,13,31.62,44.398,997.46,1283525.0
2023,5,18,1,0,15,31.62,44.398,997.46,1272555.0
2023,5,18,1,0,17,31.61,44.398,997.48,1270142.0
2023,5,18,1,0,19,31.62,44.398,997.44,1282297.0
2023,5,18,1,0,21,31.61,44.398,997.46,1278626.0
2023,5,18,1,0,24,31.61,44.398,997.44,1287224.0
2023,5,18,1,0,26,31.61,44.398,997.48,1279847.0
2023,5,18,1,0,28,31.61,44.398,997.46,1272555.0
2023,5,18,1,0,30,31.61,44.398,997.46,1278626.0
2023,5,18,1,0,32,31.61,44.398,997.46,1273764.0
2023,5,18,1,0,35,31.61,44.398,997.46,1279847.0
2023,5,18,1,0,37,31.61,44.398,997.46,1283525.0
2023,5,18,1,0,39,31.61,44.398,997.50,1270142.0
2023,5,18,1,0,41,31.60,44.398,997.48,1276190.0
2023,5,18,1,0,43,31.60,44.398,997.50,1272555.0
2023,5,18,1,0,46,31.60,44.398,997.46,1270142.0
2023,5,18,1,0,48,31.60,44.398,997.46,1277407.0
2023,5,18,1,0,50,31.60,44.398,997.46,1278626.0
2023,5,18,1,0,52,31.60,44.398,997.46,1274976.0
2023,5,18,1,0,54,31.60,44.398,997.44,1276190.0
2023,5,18,1,0,57,31.60,44.398,997.46,1272555.0
2023,5,18,1,0,59,31.59,44.398,997.48,1268939.0
2023,5,18,1,1,1,31.59,44.398,997.44,1288462.0
2023,5,18,1,1,3,31.59,44.398,997.48,1285988.0
2023,5,18,1,1,5,31.60,44.398,997.46,1277407.0
2023,5,18,1,1,7,31.59,44.398,997.44,1266541.0
2023,5,18,1,1,10,31.59,44.398,997.44,1277407.0
2023,5,18,1,1,12,31.59,44.398,997.46,1279847.0
2023,5,18,1,1,14,31.59,44.398,997.48,1274976.0
2023,5,18,1,1,16,31.59,44.289,997.48,1273764.0
2023,5,18,1,1,18,31.59,44.289,997.46,1272555.0
2023,5,18,1,1,21,31.59,44.289,997.46,1282297.0
2023,5,18,1,1,23,31.59,44.289,997.44,1277407.0
2023,5,18,1,1,25,31.60,44.289,997.46,1283525.0
2023,5,18,1,1,27,31.59,44.289,997.48,1271347.0
2023,5,18,1,1,29,31.59,44.289,997.46,1283525.0
2023,5,18,1,1,32,31.59,44.289,997.46,1281071.0
2023,5,18,1,1,34,31.59,44.289,997.48,1283525.0
2023,5,18,1,1,36,31.59,44.289,997.44,1277407.0
2023,5,18,1,1,38,31.59,44.289,997.46,1284756.0
2023,5,18,1,1,40,31.59,44.289,997.42,1274976.0
2023,5,18,1,1,43,31.59,44.289,997.48,1283525.0
2023,5,18,1,1,45,31.59,44.289,997.48,1284756.0
2023,5,18,1,1,47,31.59,44.289,997.48,1274976.0
2023,5,18,1,1,49,31.59,44.167,997.46,1278626.0
2023,5,18,1,1,51,31.59,44.167,997.44,1278626.0
2023,5,18,1,1,53,31.58,44.167,997.46,1289702.0
2023,5,18,1,1,56,31.58,44.167,997.46,1279847.0
2023,5,18,1,1,58,31.58,44.167,997.46,1276190.0
2023,5,18,1,2,0,31.58,44.063,997.42,1274976.0
2023,5,18,1,2,2,31.57,44.063,997.42,1273764.0
2023,5,18,1,2,4,31.57,44.063,997.46,1274976.0
2023,5,18,1,2,7,31.56,44.063,997.46,1274976.0
2023,5,18,1,2,9,31.56,44.063,997.44,1278626.0
2023,5,18,1,2,11,31.55,44.063,997.46,1274976.0
2023,5,18,1,2,13,31.55,44.063,997.44,1279847.0
2023,5,18,1,2,15,31.55,43.954,997.46,1274976.0
2023,5,18,1,2,18,31.54,43.954,997.42,1278626.0
2023,5,18,1,2,20,31.54,43.954,997.38,1288462.0
2023,5,18,1,2,22,31.53,43.954,997.40,1285988.0
2023,5,18,1,2,24,31.53,43.954,997.42,1287224.0
2023,5,18,1,2,26,31.52,43.954,997.44,1272555.0
2023,5,18,1,2,29,31.52,43.954,997.44,1281071.0
2023,5,18,1,2,31,31.52,43.954,997.40,1276190.0
2023,5,18,1,2,33,31.51,43.954,997.40,1283525.0
2023,5,18,1,2,35,31.51,43.954,997.42,1279847.0
2023,5,18,1,2,37,31.51,43.954,997.42,1272555.0
2023,5,18,1,2,39,31.51,43.954,997.38,1276190.0
2023,5,18,1,2,42,31.51,43.954,997.44,1276190.0
2023,5,18,1,2,44,31.50,43.954,997.40,1274976.0
2023,5,18,1,2,46,31.51,43.954,997.42,1288462.0
2023,5,18,1,2,48,31.51,43.954,997.44,1277407.0
2023,5,18,1,2,50,31.50,43.954,997.40,1279847.0
2023,5,18,1,2,53,31.51,43.954,997.42,1283525.0
2023,5,18,1,2,55,31.50,43.954,997.42,1273764.0
2023,5,18,1,2,57,31.50,43.954,997.40,1271347.0
2023,5,18,1,2,59,31.50,43.954,997.40,1276190.0
2023,5,18,1,3,1,31.50,43.954,997.38,1278626.0
2023,5,18,1,3,4,31.50,43.954,997.38,1272555.0
2023,5,18,1,3,6,31.50,43.954,997.38,1273764.0
2023,5,18,1,3,8,31.49,43.954,997.40,1277407.0
2023,5,18,1,3,10,31.50,43.954,997.38,1272555.0
2023,5,18,1,3,12,31.49,43.954,997.38,1274976.0
2023,5,18,1,3,15,31.49,43.954,997.42,1279847.0
2023,5,18,1,3,17,31.49,43.954,997.38,1284756.0
2023,5,18,1,3,19,31.49,43.954,997.40,1279847.0
2023,5,18,1,3,21,31.49,43.954,997.40,1287224.0
2023,5,18,1,3,23,31.49,43.954,997.40,1277407.0
2023,5,18,1,3,25,31.49,43.850,997.40,1273764.0
2023,5,18,1,3,28,31.48,43.850,997.42,1273764.0
2023,5,18,1,3,30,31.49,43.850,997.40,1273764.0
2023,5,18,1,3,32,31.48,43.850,997.38,1279847.0
2023,5,18,1,3,34,31.48,43.850,997.42,1273764.0
2023,5,18,1,3,36,31.49,43.850,997.38,1278626.0
2023,5,18,1,3,39,31.49,43.850,997.38,1274976.0
2023,5,18,1,3,41,31.49,43.850,997.38,1274976.0
2023,5,18,1,3,43,31.49,43.850,997.40,1284756.0
2023,5,18,1,3,45,31.49,43.850,997.38,1272555.0
2023,5,18,1,3,47,31.50,43.850,997.36,1272555.0
2023,5,18,1,3,50,31.50,43.850,997.36,1273764.0
2023,5,18,1,3,52,31.50,43.850,997.36,1279847.0
2023,5,18,1,3,54,31.50,43.850,997.40,1267739.0
2023,5,18,1,3,56,31.50,43.850,997.38,1274976.0
2023,5,18,1,3,58,31.51,43.850,997.36,1271347.0
2023,5,18,1,4,1,31.51,43.850,997.38,1272555.0
2023,5,18,1,4,3,31.51,43.850,997.36,1282297.0
2023,5,18,1,4,5,31.52,43.850,997.38,1272555.0
2023,5,18,1,4,7,31.51,43.850,997.36,1267739.0
2023,5,18,1,4,9,31.52,43.850,997.36,1270142.0
2023,5,18,1,4,12,31.52,43.850,997.36,1272555.0
2023,5,18,1,4,14,31.52,43.850,997.36,1272555.0
2023,5,18,1,4,16,31.52,43.850,997.40,1272555.0
2023,5,18,1,4,18,31.52,43.850,997.38,1273764.0
2023,5,18,1,4,20,31.52,43.728,997.36,1278626.0
2023,5,18,1,4,22,31.52,43.728,997.38,1272555.0
2023,5,18,1,4,25,31.52,43.728,997.36,1271347.0
2023,5,18,1,4,27,31.52,43.728,997.34,1276190.0
2023,5,18,1,4,29,31.53,43.728,997.38,1276190.0
2023,5,18,1,4,31,31.53,43.728,997.36,1279847.0
2023,5,18,1,4,33,31.53,43.728,997.36,1270142.0
2023,5,18,1,4,36,31.53,43.728,997.34,1273764.0
2023,5,18,1,4,38,31.53,43.728,997.34,1282297.0
2023,5,18,1,4,40,31.53,43.728,997.34,1276190.0
2023,5,18,1,4,42,31.53,43.728,997.34,1279847.0
2023,5,18,1,4,44,31.53,43.846,997.36,1268939.0
2023,5,18,1,4,47,31.53,43.846,997.36,1273764.0
2023,5,18,1,4,49,31.53,43.846,997.34,1282297.0
2023,5,18,1,4,51,31.52,43.846,997.36,1274976.0
2023,5,18,1,4,53,31.52,43.966,997.32,1273764.0
2023,5,18,1,4,55,31.52,43.966,997.32,1270142.0
2023,5,18,1,4,58,31.52,43.966,997.32,1277407.0
2023,5,18,1,5,0,31.52,44.074,997.34,1268939.0
2023,5,18,1,5,2,31.53,44.074,997.36,1277407.0
2023,5,18,1,5,4,31.52,44.074,997.32,1283525.0
2023,5,18,1,5,6,31.53,44.074,997.36,1282297.0
2023,5,18,1,5,8,31.53,44.186,997.36,1273764.0
2023,5,18,1,5,11,31.53,44.186,997.34,1272555.0
2023,5,18,1,5,13,31.53,44.186,997.32,1274976.0
2023,5,18,1,5,15,31.53,44.186,997.34,1270142.0
2023,5,18,1,5,17,31.54,44.186,997.36,1273764.0
2023,5,18,1,5,19,31.53,44.296,997.34,1278626.0
2023,5,18,1,5,22,31.53,44.296,997.32,1270142.0
2023,5,18,1,5,24,31.53,44.296,997.36,1273764.0
2023,5,18,1,5,26,31.53,44.296,997.36,1270142.0
2023,5,18,1,5,28,31.53,44.418,997.34,1278626.0
2023,5,18,1,5,30,31.52,44.418,997.34,1272555.0
2023,5,18,1,5,33,31.53,44.418,997.36,1267739.0
2023,5,18,1,5,35,31.52,44.418,997.34,1271347.0
2023,5,18,1,5,37,31.52,44.418,997.32,1272555.0
2023,5,18,1,5,39,31.52,44.418,997.34,1270142.0
2023,5,18,1,5,41,31.51,44.418,997.36,1271347.0
2023,5,18,1,5,44,31.51,44.418,997.36,1281071.0
2023,5,18,1,5,46,31.51,44.418,997.36,1277407.0
2023,5,18,1,5,48,31.50,44.522,997.34,1282297.0
2023,5,18,1,5,50,31.50,44.522,997.32,1272555.0
2023,5,18,1,5,52,31.50,44.522,997.34,1282297.0
2023,5,18,1,5,54,31.50,44.522,997.34,1272555.0
2023,5,18,1,5,57,31.50,44.522,997.32,1268939.0
2023,5,18,1,5,59,31.50,44.522,997.31,1282297.0
2023,5,18,1,6,1,31.49,44.629,997.36,1272555.0
2023,5,18,1,6,3,31.50,44.629,997.34,1267739.0
2023,5,18,1,6,5,31.49,44.629,997.36,1277407.0
2023,5,18,1,6,8,31.49,44.629,997.36,1272555.0
2023,5,18,1,6,10,31.49,44.629,997.36,1272555.0
2023,5,18,1,6,12,31.49,44.629,997.34,1268939.0
2023,5,18,1,6,14,31.49,44.732,997.36,1279847.0
2023,5,18,1,6,16,31.49,44.732,997.36,1272555.0
2023,5,18,1,6,19,31.49,44.732,997.36,1276190.0
2023,5,18,1,6,21,31.48,44.732,997.34,1274976.0
2023,5,18,1,6,23,31.48,44.732,997.36,1270142.0
2023,5,18,1,6,25,31.48,44.732,997.38,1273764.0
2023,5,18,1,6,27,31.47,44.732,997.34,1276190.0
2023,5,18,1,6,30,31.46,44.732,997.38,1266541.0
2023,5,18,1,6,32,31.46,44.732,997.36,1277407.0
2023,5,18,1,6,34,31.45,44.831,997.34,1272555.0
2023,5,18,1,6,36,31.45,44.831,997.36,1274976.0
2023,5,18,1,6,38,31.44,44.831,997.34,1273764.0
2023,5,18,1,6,40,31.43,44.831,997.38,1273764.0
2023,5,18,1,6,43,31.43,44.831,997.34,1274976.0
2023,5,18,1,6,45,31.43,44.831,997.34,1277407.0
2023,5,18,1,6,47,31.42,44.831,997.34,1273764.0
2023,5,18,1,6,49,31.42,44.831,997.36,1281071.0
2023,5,18,1,6,51,31.41,44.831,997.34,1276190.0
2023,5,18,1,6,54,31.40,44.831,997.38,1272555.0
2023,5,18,1,6,56,31.40,44.831,997.36,1277407.0
2023,5,18,1,6,58,31.40,44.831,997.34,1270142.0
2023,5,18,1,7,0,31.40,44.981,997.32,1288462.0
2023,5,18,1,7,2,31.40,44.981,997.36,1274976.0
2023,5,18,1,7,5,31.40,44.981,997.36,1273764.0
2023,5,18,1,7,7,31.39,44.981,997.36,1268939.0
2023,5,18,1,7,9,31.39,44.981,997.36,1273764.0
2023,5,18,1,7,11,31.38,44.981,997.36,1282297.0
2023,5,18,1,7,13,31.38,44.981,997.31,1278626.0
2023,5,18,1,7,16,31.37,44.981,997.34,1282297.0
2023,5,18,1,7,18,31.36,44.981,997.36,1277407.0
2023,5,18,1,7,20,31.36,44.981,997.32,1276190.0
2023,5,18,1,7,22,31.35,44.981,997.32,1277407.0
2023,5,18,1,7,24,31.33,44.981,997.31,1274976.0
2023,5,18,1,7,26,31.32,44.820,997.32,1273764.0
2023,5,18,1,7,29,31.32,44.820,997.32,1278626.0
2023,5,18,1,7,31,31.31,44.820,997.31,1268939.0
2023,5,18,1,7,33,31.30,44.684,997.36,1281071.0
2023,5,18,1,7,35,31.30,44.684,997.34,1264151.0
2023,5,18,1,7,37,31.29,44.564,997.32,1279847.0
2023,5,18,1,7,40,31.28,44.564,997.36,1274976.0
2023,5,18,1,7,42,31.27,44.564,997.31,1281071.0
2023,5,18,1,7,44,31.26,44.564,997.34,1278626.0
2023,5,18,1,7,46,31.26,44.564,997.32,1272555.0
2023,5,18,1,7,48,31.26,44.564,997.34,1274976.0
2023,5,18,1,7,51,31.25,44.686,997.31,1283525.0
2023,5,18,1,7,53,31.24,44.686,997.34,1281071.0
2023,5,18,1,7,55,31.24,44.686,997.38,1279847.0
2023,5,18,1,7,57,31.23,44.802,997.36,1282297.0
2023,5,18,1,7,59,31.22,44.802,997.32,1284756.0
2023,5,18,1,8,2,31.22,44.903,997.32,1270142.0
2023,5,18,1,8,4,31.21,44.903,997.31,1283525.0
2023,5,18,1,8,6,31.20,44.903,997.29,1273764.0
2023,5,18,1,8,8,31.20,44.903,997.31,1289702.0
2023,5,18,1,8,10,31.19,44.903,997.31,1282297.0
2023,5,18,1,8,12,31.18,44.707,997.31,1281071.0
2023,5,18,1,8,15,31.18,44.596,997.29,1279847.0
2023,5,18,1,8,17,31.17,44.490,997.34,1279847.0
2023,5,18,1,8,19,31.16,44.490,997.31,1281071.0
2023,5,18,1,8,21,31.16,44.606,997.29,1285988.0
2023,5,18,1,8,23,31.15,44.963,997.29,1278626.0
2023,5,18,1,8,26,31.15,45.539,997.27,1277407.0
2023,5,18,1,8,28,31.15,46.706,997.25,1278626.0
2023,5,18,1,8,30,31.15,47.300,997.27,1284756.0
2023,5,18,1,8,32,31.14,47.300,997.19,1276190.0
2023,5,18,1,8,34,31.13,47.040,997.25,1278626.0
2023,5,18,1,8,37,31.12,46.774,997.27,1273764.0
2023,5,18,1,8,39,31.10,46.507,997.29,1273764.0
2023,5,18,1,8,41,31.09,46.214,997.27,1273764.0
2023,5,18,1,8,43,31.07,46.025,997.23,1278626.0
2023,5,18,1,8,45,31.06,45.882,997.19,1278626.0
2023,5,18,1,8,48,31.05,45.747,997.23,1274976.0
2023,5,18,1,8,50,31.03,45.747,997.25,1279847.0
2023,5,18,1,8,52,31.02,45.583,997.27,1279847.0
2023,5,18,1,8,54,31.01,45.583,997.23,1272555.0
2023,5,18,1,8,56,30.99,45.583,997.31,1268939.0
2023,5,18,1,8,59,30.98,45.583,997.29,1278626.0
2023,5,18,1,9,1,30.96,45.583,997.29,1276190.0
2023,5,18,1,9,3,30.94,45.583,997.27,1276190.0
2023,5,18,1,9,5,30.92,45.583,997.25,1278626.0
2023,5,18,1,9,7,30.90,45.583,997.27,1278626.0
2023,5,18,1,9,9,30.88,45.583,997.23,1273764.0
2023,5,18,1,9,12,30.87,45.583,997.27,1279847.0
2023,5,18,1,9,14,30.85,45.583,997.27,1270142.0
2023,5,18,1,9,16,30.83,45.583,997.29,1285988.0
2023,5,18,1,9,18,30.82,45.583,997.27,1278626.0
2023,5,18,1,9,20,30.80,45.684,997.27,1279847.0
2023,5,18,1,9,23,30.79,45.684,997.29,1277407.0
2023,5,18,1,9,25,30.77,45.809,997.27,1279847.0
2023,5,18,1,9,27,30.75,45.809,997.25,1277407.0
2023,5,18,1,9,29,30.74,45.809,997.27,1279847.0
2023,5,18,1,9,31,30.72,45.909,997.23,1289702.0
2023,5,18,1,9,34,30.70,45.909,997.23,1279847.0
2023,5,18,1,9,36,30.68,45.909,997.27,1281071.0
2023,5,18,1,9,38,30.67,45.909,997.25,1279847.0
2023,5,18,1,9,40,30.65,45.802,997.27,1279847.0
2023,5,18,1,9,42,30.64,45.802,997.25,1284756.0
2023,5,18,1,9,45,30.63,45.802,997.29,1284756.0
2023,5,18,1,9,47,30.62,45.802,997.21,1281071.0
2023,5,18,1,9,49,30.61,45.802,997.27,1285988.0
2023,5,18,1,9,51,30.60,45.695,997.25,1284756.0
2023,5,18,1,9,53,30.58,45.695,997.21,1282297.0
2023,5,18,1,9,55,30.57,45.695,997.23,1287224.0
2023,5,18,1,9,58,30.56,45.695,997.25,1284756.0
2023,5,18,1,10,0,30.54,45.533,997.19,1287224.0
2023,5,18,1,10,2,30.53,45.533,997.27,1277407.0
2023,5,18,1,10,4,30.52,45.533,997.23,1283525.0
2023,5,18,1,10,6,30.51,45.391,997.27,1284756.0
2023,5,18,1,10,9,30.50,45.391,997.25,1284756.0
2023,5,18,1,10,11,30.49,45.391,997.25,1287224.0
2023,5,18,1,10,13,30.48,45.391,997.23,1277407.0
2023,5,18,1,10,15,30.48,45.391,997.25,1284756.0
2023,5,18,1,10,17,30.47,45.550,997.25,1285988.0
2023,5,18,1,10,20,30.46,45.550,997.23,1288462.0
2023,5,18,1,10,22,30.46,45.712,997.19,1289702.0
2023,5,18,1,10,24,30.45,45.712,997.25,1285988.0
2023,5,18,1,10,26,30.43,45.712,997.23,1284756.0
2023,5,18,1,10,28,30.43,45.712,997.25,1282297.0
2023,5,18,1,10,31,30.42,45.712,997.21,1283525.0
2023,5,18,1,10,33,30.42,45.813,997.21,1276190.0
2023,5,18,1,10,35,30.42,45.813,997.21,1284756.0
2023,5,18,1,10,37,30.41,45.813,997.23,1287224.0
2023,5,18,1,10,39,30.40,45.813,997.25,1289702.0
2023,5,18,1,10,41,30.40,45.813,997.21,1287224.0
2023,5,18,1,10,44,30.39,45.813,997.21,1287224.0
2023,5,18,1,10,46,30.39,45.813,997.21,1282297.0
2023,5,18,1,10,48,30.39,45.711,997.21,1285988.0
2023,5,18,1,10,50,30.38,45.711,997.21,1287224.0
2023,5,18,1,10,52,30.37,45.711,997.25,1287224.0
2023,5,18,1,10,55,30.37,45.604,997.23,1292189.0
2023,5,18,1,10,57,30.36,45.604,997.21,1299709.0
2023,5,18,1,10,59,30.36,45.604,997.21,1287224.0
2023,5,18,1,11,1,30.36,45.604,997.23,1294686.0
2023,5,18,1,11,3,30.35,45.499,997.23,1288462.0
2023,5,18,1,11,6,30.35,45.499,997.23,1297193.0
2023,5,18,1,11,8,30.34,45.390,997.17,1285988.0
2023,5,18,1,11,10,30.34,45.390,997.25,1293436.0
2023,5,18,1,11,12,30.34,45.390,997.23,1293436.0
2023,5,18,1,11,14,30.33,45.390,997.27,1290944.0
2023,5,18,1,11,17,30.32,45.390,997.21,1293436.0
2023,5,18,1,11,19,30.32,45.390,997.25,1299709.0
2023,5,18,1,11,21,30.31,45.390,997.23,1290944.0
2023,5,18,1,11,23,30.30,45.390,997.19,1289702.0
2023,5,18,1,11,25,30.29,45.390,997.23,1298450.0
2023,5,18,1,11,27,30.29,45.258,997.19,1290944.0
2023,5,18,1,11,30,30.28,45.258,997.19,1298450.0
2023,5,18,1,11,32,30.27,45.258,997.21,1287224.0
2023,5,18,1,11,34,30.26,45.258,997.19,1297193.0
2023,5,18,1,11,36,30.26,45.258,997.17,1300971.0
2023,5,18,1,11,38,30.25,45.258,997.19,1290944.0
2023,5,18,1,11,41,30.25,45.258,997.21,1298450.0
2023,5,18,1,11,43,30.25,45.258,997.19,1283525.0
2023,5,18,1,11,45,30.24,45.258,997.19,1289702.0
2023,5,18,1,11,47,30.24,45.258,997.21,1298450.0
2023,5,18,1,11,49,30.24,45.361,997.23,1297193.0
2023,5,18,1,11,52,30.23,45.361,997.21,1287224.0
2023,5,18,1,11,54,30.22,45.361,997.17,1289702.0
2023,5,18,1,11,56,30.22,45.361,997.21,1288462.0
2023,5,18,1,11,58,30.22,45.361,997.21,1292189.0
2023,5,18,1,12,0,30.21,45.361,997.21,1289702.0
2023,5,18,1,12,3,30.21,45.361,997.23,1298450.0
2023,5,18,1,12,5,30.20,45.361,997.21,1294686.0
