unix_time,temperature,humidity,pressure,gas_resistance
1684463199,29.82,51.102,1000.19,1049334.0
1684463200,29.82,51.102,1000.17,1059289.0
1684463202,29.83,51.215,1000.17,1052632.0
1684463204,29.83,51.215,1000.19,1047694.0
1684463207,29.83,51.340,1000.19,1050980.0
1684463209,29.84,51.340,1000.19,1041181.0
1684463211,29.84,51.340,1000.28,1047694.0
1684463213,29.84,51.454,1000.19,1052632.0
1684463215,29.84,51.454,1000.28,1048513.0
1684463218,29.85,51.454,1000.28,1043614.0
1684463220,29.85,51.575,1000.19,1054288.0
1684463222,29.85,51.575,1000.30,1049334.0
1684463224,29.86,51.575,1000.30,1040373.0
1684463226,29.86,51.575,1000.32,1046058.0
1684463229,29.86,51.575,1000.28,1046875.0
1684463231,29.87,51.575,1000.30,1039566.0
1684463233,29.87,51.705,1000.32,1051805.0
1684463235,29.88,51.705,1000.34,1039566.0
1684463237,29.87,51.705,1000.30,1043614.0
1684463240,29.88,51.705,1000.32,1046058.0
1684463242,29.88,51.705,1000.30,1045242.0
1684463244,29.88,51.705,1000.32,1043614.0
1684463246,29.89,51.705,1000.28,1046875.0
1684463248,29.88,51.705,1000.28,1044427.0
1684463251,29.89,51.705,1000.34,1046058.0
1684463253,29.89,51.705,1000.32,1041181.0
1684463255,29.89,51.705,1000.32,1042802.0
1684463257,29.90,51.805,1000.35,1033951.0
1684463259,29.89,51.805,1000.30,1041991.0
1684463261,29.90,51.805,1000.32,1045242.0
1684463264,29.90,51.805,1000.32,1038760.0
1684463266,29.90,51.805,1000.30,1043614.0
1684463268,29.91,51.805,1000.34,1040373.0
1684463270,29.91,51.805,1000.30,1036350.0
1684463272,29.91,51.805,1000.30,1037955.0
1684463275,29.92,51.805,1000.32,1041181.0
1684463277,29.92,51.805,1000.30,1040373.0
1684463279,29.91,51.805,1000.28,1034749.0
1684463281,29.92,51.805,1000.32,1044427.0
1684463283,29.92,51.805,1000.28,1039566.0
1684463286,29.92,51.805,1000.30,1040373.0
1684463288,29.92,51.805,1000.28,1041181.0
1684463290,29.92,51.805,1000.28,1036350.0
1684463292,29.93,51.805,1000.30,1037955.0
1684463294,29.93,51.805,1000.30,1040373.0
1684463297,29.93,51.805,1000.32,1037955.0
1684463299,29.93,51.805,1000.34,1037955.0
1684463301,29.93,51.805,1000.30,1041181.0
1684463303,29.94,51.805,1000.30,1036350.0
1684463305,29.93,51.805,1000.32,1037955.0
1684463308,29.94,51.805,1000.30,1030769.0
1684463310,29.95,51.805,1000.32,1037152.0
1684463312,29.94,51.805,1000.32,1033951.0
1684463314,29.94,51.805,1000.19,1037955.0
1684463316,29.95,51.805,1000.28,1037955.0
1684463318,29.95,51.805,1000.28,1042802.0
1684463321,29.95,51.906,1000.28,1042802.0
1684463323,29.95,51.906,1000.19,1037152.0
1684463325,29.96,51.906,1000.30,1035549.0
1684463327,29.96,51.906,1000.32,1035549.0
1684463329,29.96,51.906,1000.30,1031563.0
1684463332,29.96,51.906,1000.30,1036350.0
1684463334,29.96,51.906,1000.30,1026820.0
1684463336,29.96,51.906,1000.30,1038760.0
1684463338,29.96,51.906,1000.28,1039566.0
1684463340,29.96,51.906,1000.30,1037955.0
1684463343,29.96,51.906,1000.32,1026034.0
1684463345,29.96,51.906,1000.28,1032357.0
1684463347,29.96,51.906,1000.28,1041181.0
1684463349,29.97,51.906,1000.30,1035549.0
1684463351,29.97,51.906,1000.30,1026820.0
1684463354,29.97,51.906,1000.32,1026820.0
1684463356,29.97,51.906,1000.28,1037955.0
1684463358,29.97,51.906,1000.30,1038760.0
1684463360,29.97,51.906,1000.32,1035549.0
1684463362,29.97,51.906,1000.30,1035549.0
1684463365,29.97,51.906,1000.30,1034749.0
1684463367,29.97,51.906,1000.30,1033153.0
1684463369,29.98,51.906,1000.32,1031563.0
1684463371,29.98,51.906,1000.30,1038760.0
1684463373,29.98,51.906,1000.32,1034749.0
1684463375,29.98,51.906,1000.32,1033951.0
1684463378,29.98,51.906,1000.30,1033153.0
1684463380,29.98,51.906,1000.32,1033951.0
1684463382,29.98,51.906,1000.28,1033153.0
1684463384,29.98,51.906,1000.30,1035549.0
1684463386,29.98,51.906,1000.28,1033153.0
1684463389,29.99,51.906,1000.28,1035549.0
1684463391,29.99,51.906,1000.28,1034749.0
1684463393,29.98,51.906,1000.19,1033153.0
1684463395,29.99,51.906,1000.30,1029977.0
1684463397,29.99,52.019,1000.30,1030769.0
1684463400,29.99,52.019,1000.28,1027607.0
1684463402,29.99,52.019,1000.19,1029977.0
1684463404,29.99,52.019,1000.28,1036350.0
1684463406,29.99,52.019,1000.30,1036350.0
1684463408,29.99,52.019,1000.30,1030769.0
1684463411,29.99,52.019,1000.19,1037152.0
1684463413,30.00,52.019,1000.34,1027607.0
1684463415,30.00,52.019,1000.34,1033153.0
1684463417,30.00,52.019,1000.30,1030769.0
1684463419,30.00,52.019,1000.28,1021341.0
1684463422,30.00,52.019,1000.30,1037955.0
1684463424,30.00,52.019,1000.30,1030769.0
1684463426,30.00,52.134,1000.28,1036350.0
1684463428,30.00,52.134,1000.30,1034749.0
1684463430,30.01,52.134,1000.30,1033951.0
1684463432,30.00,52.134,1000.32,1035549.0
1684463435,30.01,52.134,1000.28,1033951.0
1684463437,30.01,52.134,1000.28,1033153.0
1684463439,30.01,52.134,1000.34,1036350.0
1684463441,30.01,52.134,1000.34,1032357.0
1684463443,30.01,52.134,1000.32,1035549.0
1684463446,30.01,52.134,1000.34,1033951.0
1684463448,30.01,52.134,1000.32,1031563.0
1684463450,30.01,52.235,1000.34,1033951.0
1684463452,30.02,52.235,1000.34,1033951.0
1684463454,30.02,52.235,1000.34,1031563.0
1684463457,30.02,52.235,1000.32,1034749.0
1684463459,30.02,52.235,1000.32,1034749.0
1684463461,30.02,52.235,1000.34,1025249.0
1684463463,30.02,52.235,1000.32,1029186.0
1684463465,30.02,52.235,1000.32,1030769.0
1684463468,30.02,52.235,1000.34,1024465.0
1684463470,30.02,52.235,1000.34,1026820.0
1684463472,30.03,52.235,1000.32,1032357.0
1684463474,30.03,52.235,1000.32,1029977.0
1684463476,30.03,52.235,1000.35,1026820.0
1684463479,30.03,52.334,1000.32,1029186.0
1684463481,30.03,52.334,1000.32,1037955.0
1684463483,30.03,52.334,1000.34,1027607.0
1684463485,30.04,52.334,1000.34,1033153.0
1684463487,30.03,52.334,1000.34,1030769.0
1684463489,30.04,52.334,1000.34,1034749.0
1684463492,30.04,52.334,1000.32,1027607.0
1684463494,30.04,52.334,1000.32,1031563.0
1684463496,30.04,52.334,1000.30,1031563.0
1684463498,30.04,52.334,1000.32,1027607.0
1684463500,30.05,52.334,1000.32,1032357.0
1684463503,30.05,52.334,1000.32,1028396.0
1684463505,30.05,52.334,1000.30,1026034.0
1684463507,30.05,52.334,1000.32,1029977.0
1684463509,30.05,52.334,1000.30,1026820.0
1684463511,30.05,52.334,1000.34,1029186.0
1684463514,30.05,52.443,1000.28,1027607.0
1684463516,30.05,52.443,1000.30,1019011.0
1684463518,30.05,52.443,1000.34,1029186.0
1684463520,30.05,52.443,1000.32,1028396.0
1684463522,30.06,52.443,1000.32,1028396.0
1684463525,30.06,52.443,1000.32,1029977.0
1684463527,30.06,52.443,1000.30,1030769.0
1684463529,30.06,52.443,1000.34,1025249.0
1684463531,30.06,52.443,1000.34,1028396.0
1684463533,30.06,52.443,1000.34,1033153.0
1684463536,30.07,52.443,1000.30,1031563.0
1684463538,30.07,52.443,1000.30,1028396.0
1684463540,30.07,52.443,1000.32,1030769.0
1684463542,30.07,52.443,1000.32,1028396.0
1684463544,30.06,52.443,1000.34,1024465.0
1684463546,30.07,52.443,1000.35,1028396.0
1684463549,30.07,52.443,1000.30,1028396.0
1684463551,30.07,52.549,1000.32,1031563.0
1684463553,30.07,52.549,1000.30,1026034.0
1684463555,30.07,52.549,1000.28,1026820.0
1684463557,30.08,52.549,1000.32,1024465.0
1684463560,30.08,52.549,1000.34,1029977.0
1684463562,30.08,52.549,1000.32,1027607.0
1684463564,30.08,52.549,1000.30,1032357.0
1684463566,30.08,52.549,1000.32,1029186.0
1684463568,30.08,52.549,1000.34,1017464.0
1684463571,30.08,52.549,1000.32,1033153.0
1684463573,30.08,52.549,1000.32,1030769.0
1684463575,30.08,52.549,1000.32,1031563.0
1684463577,30.09,52.549,1000.30,1030769.0
1684463579,30.09,52.549,1000.19,1032357.0
1684463582,30.09,52.549,1000.30,1025249.0
1684463584,30.09,52.549,1000.30,1026034.0
1684463586,30.09,52.549,1000.32,1028396.0
1684463588,30.09,52.549,1000.32,1029186.0
1684463590,30.09,52.549,1000.30,1026820.0
1684463593,30.09,52.549,1000.34,1023682.0
1684463595,30.10,52.549,1000.34,1027607.0
1684463597,30.09,52.549,1000.19,1026820.0
1684463599,30.09,52.549,1000.35,1029977.0
1684463601,30.10,52.549,1000.32,1027607.0
1684463603,30.10,52.549,1000.30,1027607.0
1684463606,30.10,52.549,1000.19,1014383.0
1684463608,30.10,52.549,1000.30,1023682.0
1684463610,30.10,52.549,1000.28,1027607.0
1684463612,30.10,52.549,1000.28,1025249.0
1684463614,30.10,52.549,1000.32,1023682.0
1684463617,30.10,52.549,1000.30,1027607.0
1684463619,30.10,52.549,1000.30,1029186.0
1684463621,30.10,52.549,1000.28,1026034.0
1684463623,30.11,52.549,1000.28,1025249.0
1684463625,30.11,52.549,1000.28,1026820.0
1684463628,30.11,52.549,1000.28,1019011.0
1684463630,30.11,52.549,1000.32,1029186.0
1684463632,30.11,52.549,1000.32,1029186.0
1684463634,30.11,52.549,1000.32,1032357.0
1684463636,30.11,52.549,1000.30,1024465.0
1684463639,30.11,52.549,1000.32,1026034.0
1684463641,30.11,52.549,1000.30,1026034.0
1684463643,30.12,52.549,1000.28,1030769.0
1684463645,30.12,52.549,1000.32,1029977.0
1684463647,30.12,52.549,1000.32,1027607.0
1684463650,30.12,52.549,1000.32,1027607.0
1684463652,30.12,52.549,1000.30,1025249.0
1684463654,30.12,52.549,1000.30,1026820.0
1684463656,30.12,52.549,1000.30,1026820.0
1684463658,30.12,52.549,1000.30,1022901.0
1684463660,30.12,52.549,1000.30,1028396.0
1684463663,30.12,52.549,1000.28,1029977.0
1684463665,30.12,52.549,1000.30,1025249.0
1684463667,30.13,52.549,1000.30,1026034.0
1684463669,30.12,52.549,1000.28,1022901.0
1684463671,30.12,52.549,1000.30,1026034.0
1684463674,30.13,52.549,1000.28,1022121.0
1684463676,30.13,52.549,1000.30,1022901.0
1684463678,30.13,52.549,1000.30,1025249.0
1684463680,30.13,52.549,1000.34,1020564.0
1684463682,30.13,52.549,1000.30,1025249.0
1684463685,30.13,52.549,1000.32,1030769.0
1684463687,30.13,52.549,1000.30,1032357.0
1684463689,30.13,52.549,1000.30,1030769.0
1684463691,30.13,52.549,1000.34,1030769.0
1684463693,30.14,52.549,1000.32,1022121.0
1684463696,30.13,52.549,1000.30,1024465.0
1684463698,30.13,52.549,1000.32,1024465.0
1684463700,30.14,52.549,1000.28,1020564.0
1684463702,30.14,52.549,1000.32,1017464.0
1684463704,30.14,52.549,1000.28,1030769.0
1684463707,30.14,52.549,1000.32,1024465.0
1684463709,30.14,52.549,1000.32,1026820.0
1684463711,30.14,52.549,1000.32,1028396.0
1684463713,30.14,52.549,1000.32,1024465.0
1684463715,30.14,52.549,1000.32,1031563.0
1684463718,30.13,52.549,1000.30,1024465.0
1684463720,30.15,52.549,1000.32,1026820.0
1684463722,30.14,52.549,1000.28,1025249.0
1684463724,30.14,52.549,1000.32,1026034.0
1684463726,30.14,52.549,1000.30,1027607.0
1684463728,30.14,52.549,1000.28,1022121.0
1684463731,30.14,52.549,1000.28,1025249.0
1684463733,30.15,52.549,1000.34,1030769.0
1684463735,30.15,52.549,1000.30,1022901.0
1684463737,30.15,52.549,1000.34,1021341.0
1684463739,30.15,52.549,1000.35,1026034.0
1684463742,30.15,52.549,1000.32,1022121.0
1684463744,30.15,52.549,1000.32,1022121.0
1684463746,30.15,52.549,1000.28,1026820.0
1684463748,30.15,52.549,1000.37,1022121.0
1684463750,30.15,52.549,1000.35,1030769.0
1684463753,30.15,52.549,1000.35,1023682.0
1684463755,30.15,52.549,1000.28,1028396.0
1684463757,30.15,52.549,1000.35,1036350.0
1684463759,30.15,52.549,1000.34,1026034.0
1684463761,30.16,52.549,1000.35,1025249.0
1684463764,30.15,52.549,1000.35,1027607.0
1684463766,30.15,52.549,1000.34,1023682.0
1684463768,30.15,52.549,1000.32,1025249.0
1684463770,30.15,52.549,1000.34,1026034.0
1684463772,30.16,52.549,1000.34,1029186.0
1684463774,30.15,52.549,1000.34,1033951.0
1684463777,30.16,52.549,1000.34,1029186.0
1684463779,30.16,52.549,1000.30,1020564.0
1684463781,30.16,52.549,1000.32,1022901.0
1684463783,30.16,52.549,1000.34,1029186.0
1684463785,30.15,52.549,1000.34,1025249.0
1684463788,30.16,52.549,1000.34,1029977.0
1684463790,30.16,52.549,1000.30,1026034.0
1684463792,30.16,52.549,1000.32,1026820.0
1684463794,30.17,52.549,1000.32,1027607.0
1684463796,30.17,52.549,1000.30,1031563.0
1684463799,30.17,52.549,1000.30,1030769.0
1684463801,30.17,52.549,1000.30,1026820.0
1684463803,30.16,52.549,1000.32,1023682.0
1684463805,30.17,52.549,1000.30,1023682.0
1684463807,30.17,52.549,1000.32,1023682.0
1684463810,30.17,52.549,1000.34,1021341.0
1684463812,30.17,52.549,1000.34,1033153.0
1684463814,30.17,52.549,1000.35,1023682.0
1684463816,30.17,52.549,1000.32,1026034.0
1684463818,30.17,52.549,1000.32,1024465.0
1684463821,30.17,52.549,1000.28,1022901.0
1684463823,30.17,52.549,1000.32,1025249.0
1684463825,30.17,52.549,1000.32,1022901.0
1684463827,30.17,52.549,1000.32,1026820.0
1684463829,30.17,52.549,1000.32,1024465.0
1684463831,30.18,52.648,1000.35,1024465.0
1684463834,30.18,52.648,1000.34,1029977.0
1684463836,30.18,52.648,1000.30,1022121.0
1684463838,30.18,52.648,1000.30,1025249.0
1684463840,30.18,52.648,1000.32,1023682.0
1684463842,30.18,52.648,1000.32,1024465.0
1684463845,30.18,52.648,1000.34,1023682.0
1684463847,30.18,52.648,1000.32,1031563.0
1684463849,30.18,52.648,1000.32,1028396.0
1684463851,30.18,52.648,1000.32,1026034.0
1684463853,30.18,52.648,1000.34,1023682.0
1684463856,30.18,52.648,1000.34,1026820.0
1684463858,30.18,52.648,1000.28,1025249.0
1684463860,30.18,52.648,1000.30,1029186.0
1684463862,30.18,52.648,1000.28,1022121.0
1684463864,30.19,52.648,1000.32,1025249.0
1684463867,30.18,52.648,1000.30,1028396.0
1684463869,30.19,52.648,1000.34,1028396.0
1684463871,30.19,52.648,1000.34,1025249.0
1684463873,30.19,52.648,1000.30,1028396.0
1684463875,30.19,52.648,1000.30,1026034.0
1684463878,30.19,52.648,1000.30,1025249.0
1684463880,30.19,52.648,1000.30,1020564.0
1684463882,30.19,52.648,1000.34,1025249.0
1684463884,30.19,52.648,1000.34,1023682.0
1684463886,30.19,52.648,1000.30,1025249.0
1684463888,30.20,52.648,1000.32,1022121.0
1684463891,30.20,52.648,1000.32,1022121.0
1684463893,30.20,52.648,1000.30,1028396.0
1684463895,30.19,52.648,1000.28,1020564.0
1684463897,30.20,52.648,1000.32,1028396.0
1684463899,30.20,52.648,1000.30,1019787.0
1684463902,30.20,52.648,1000.32,1029977.0
1684463904,30.20,52.648,1000.30,1025249.0
1684463906,30.20,52.648,1000.30,1024465.0
1684463908,30.20,52.648,1000.30,1027607.0
1684463910,30.20,52.648,1000.32,1020564.0
1684463913,30.20,52.648,1000.32,1021341.0
1684463915,30.20,52.648,1000.19,1026034.0
1684463917,30.20,52.648,1000.30,1016692.0
1684463919,30.21,52.648,1000.19,1029977.0
1684463921,30.20,52.648,1000.28,1023682.0
1684463924,30.21,52.648,1000.32,1029977.0
1684463926,30.21,52.648,1000.28,1027607.0
1684463928,30.21,52.751,1000.19,1029186.0
1684463930,30.21,52.751,1000.28,1025249.0
1684463932,30.21,52.751,1000.30,1026034.0
1684463935,30.21,52.751,1000.32,1026820.0
1684463937,30.21,52.751,1000.32,1026820.0
1684463939,30.21,52.751,1000.30,1027607.0
1684463941,30.22,52.751,1000.30,1018237.0
1684463943,30.22,52.751,1000.30,1029977.0
1684463945,30.22,52.751,1000.30,1021341.0
1684463948,30.22,52.751,1000.19,1023682.0
1684463950,30.22,52.751,1000.17,1023682.0
1684463952,30.22,52.751,1000.17,1022901.0
1684463954,30.22,52.751,1000.30,1025249.0
1684463956,30.22,52.751,1000.30,1027607.0
1684463959,30.22,52.751,1000.19,1021341.0
1684463961,30.22,52.751,1000.19,1020564.0
1684463963,30.22,52.751,1000.19,1026034.0
1684463965,30.23,52.751,1000.17,1028396.0
1684463967,30.22,52.751,1000.19,1024465.0
1684463970,30.23,52.751,1000.15,1024465.0
1684463972,30.22,52.751,1000.19,1025249.0
1684463974,30.23,52.751,1000.19,1023682.0
1684463976,30.23,52.751,1000.15,1025249.0
1684463978,30.23,52.751,1000.28,1023682.0
1684463981,30.23,52.751,1000.28,1026034.0
1684463983,30.23,52.751,1000.30,1027607.0
1684463985,30.23,52.751,1000.32,1028396.0
1684463987,30.23,52.751,1000.19,1027607.0
1684463989,30.23,52.751,1000.30,1026820.0
1684463992,30.23,52.751,1000.19,1026034.0
1684463994,30.24,52.751,1000.19,1029977.0
1684463996,30.24,52.751,1000.28,1032357.0
1684463998,30.23,52.751,1000.28,1028396.0
1684464000,30.24,52.751,1000.19,1026820.0
1684464003,30.23,52.751,1000.28,1033951.0
1684464005,30.24,52.751,1000.19,1023682.0
1684464007,30.24,52.751,1000.19,1028396.0
1684464009,30.24,52.751,1000.17,1027607.0
1684464011,30.24,52.751,1000.19,1023682.0
1684464013,30.24,52.751,1000.19,1019011.0
1684464016,30.24,52.751,1000.19,1028396.0
1684464018,30.24,52.751,1000.15,1030769.0
1684464020,30.24,52.751,1000.15,1034749.0
1684464022,30.24,52.751,1000.28,1032357.0
1684464024,30.25,52.751,1000.15,1023682.0
1684464027,30.24,52.751,1000.15,1025249.0
1684464029,30.25,52.751,1000.15,1026034.0
1684464031,30.25,52.751,1000.17,1025249.0
1684464033,30.25,52.751,1000.15,1025249.0
1684464035,30.25,52.751,1000.19,1019011.0
1684464038,30.25,52.751,1000.17,1028396.0
1684464040,30.25,52.751,1000.17,1026034.0
1684464042,30.25,52.751,1000.19,1026034.0
1684464044,30.25,52.751,1000.15,1026034.0
1684464046,30.25,52.751,1000.15,1022121.0
1684464049,30.25,52.751,1000.15,1027607.0
1684464051,30.25,52.751,1000.28,1022901.0
1684464053,30.25,52.751,1000.17,1026820.0
1684464055,30.25,52.751,1000.28,1028396.0
1684464057,30.26,52.751,1000.30,1023682.0
1684464060,30.26,52.751,1000.17,1022121.0
1684464062,30.26,52.751,1000.17,1026820.0
1684464064,30.26,52.751,1000.15,1023682.0
1684464066,30.26,52.751,1000.17,1023682.0
1684464068,30.26,52.751,1000.17,1028396.0
1684464070,30.26,52.751,1000.19,1023682.0
1684464073,30.26,52.751,1000.17,1026034.0
1684464075,30.26,52.751,1000.17,1019787.0
1684464077,30.26,52.751,1000.15,1022901.0
1684464079,30.26,52.751,1000.13,1019011.0
1684464081,30.26,52.751,1000.13,1022121.0
1684464084,30.26,52.751,1000.15,1030769.0
1684464086,30.26,52.751,1000.17,1026034.0
1684464088,30.27,52.751,1000.15,1029186.0
1684464090,30.27,52.751,1000.15,1027607.0
1684464092,30.27,52.751,1000.17,1023682.0
1684464095,30.27,52.751,1000.15,1027607.0
1684464097,30.27,52.854,1000.19,1026034.0
1684464099,30.27,52.854,1000.17,1033153.0
1684464101,30.27,52.854,1000.19,1022901.0
1684464103,30.27,52.854,1000.17,1026820.0
1684464106,30.27,52.854,1000.17,1023682.0
1684464108,30.27,52.854,1000.13,1031563.0
1684464110,30.28,52.854,1000.13,1020564.0
1684464112,30.28,52.854,1000.17,1022901.0
1684464114,30.27,52.854,1000.17,1022121.0
1684464117,30.28,52.854,1000.17,1029977.0
1684464119,30.28,52.854,1000.17,1019787.0
1684464121,30.28,52.854,1000.19,1022901.0
1684464123,30.28,52.854,1000.17,1027607.0
1684464125,30.28,52.854,1000.15,1022121.0
1684464127,30.28,52.854,1000.15,1016692.0
1684464130,30.28,52.854,1000.15,1023682.0
1684464132,30.28,52.854,1000.17,1022121.0
1684464134,30.28,52.854,1000.15,1028396.0
1684464136,30.29,52.854,1000.17,1019787.0
1684464138,30.28,52.854,1000.15,1026034.0
1684464141,30.29,52.854,1000.13,1025249.0
1684464143,30.28,52.854,1000.13,1024465.0
1684464145,30.29,52.854,1000.28,1023682.0
1684464147,30.29,52.854,1000.19,1022901.0
1684464149,30.29,52.854,1000.19,1023682.0
1684464152,30.29,52.854,1000.17,1022901.0
1684464154,30.29,52.854,1000.15,1022901.0
1684464156,30.29,52.854,1000.17,1023682.0
1684464158,30.29,52.854,1000.19,1023682.0
1684464160,30.29,52.854,1000.17,1025249.0
1684464163,30.29,52.854,1000.19,1022121.0
1684464165,30.30,52.854,1000.19,1018237.0
1684464167,30.30,52.854,1000.19,1026820.0
1684464169,30.30,52.854,1000.17,1023682.0
1684464171,30.30,52.854,1000.17,1033951.0
1684464174,30.30,52.854,1000.19,1027607.0
1684464176,30.30,52.854,1000.19,1028396.0
1684464178,30.30,52.854,1000.19,1029186.0
1684464180,30.30,52.854,1000.15,1022901.0
1684464182,30.30,52.854,1000.17,1022901.0
1684464184,30.30,52.854,1000.15,1022901.0
1684464187,30.30,52.854,1000.15,1022901.0
1684464189,30.30,52.854,1000.17,1028396.0
1684464191,30.30,52.854,1000.15,1022901.0
1684464193,30.30,52.854,1000.15,1022901.0
1684464195,30.31,52.854,1000.30,1027607.0
1684464198,30.31,52.854,1000.15,1030769.0
1684464200,30.31,52.854,1000.28,1019787.0
1684464202,30.31,52.854,1000.28,1029977.0
1684464204,30.31,52.854,1000.28,1029186.0
1684464206,30.31,52.854,1000.19,1024465.0
1684464209,30.31,52.854,1000.17,1024465.0
1684464211,30.31,52.854,1000.28,1018237.0
1684464213,30.31,52.854,1000.28,1026034.0
1684464215,30.32,52.854,1000.28,1023682.0
1684464217,30.31,52.854,1000.28,1022121.0
1684464220,30.32,52.854,1000.19,1029977.0
1684464222,30.32,52.854,1000.28,1025249.0
1684464224,30.32,52.854,1000.30,1019787.0
1684464226,30.32,52.854,1000.19,1025249.0
1684464228,30.32,52.854,1000.19,1020564.0
1684464231,30.32,52.854,1000.28,1022901.0
1684464233,30.32,52.854,1000.28,1028396.0
1684464235,30.32,52.854,1000.19,1022121.0
1684464237,30.32,52.854,1000.19,1020564.0
1684464239,30.32,52.854,1000.19,1020564.0
1684464241,30.32,52.854,1000.28,1022121.0
1684464244,30.32,52.854,1000.19,1022121.0
1684464246,30.32,52.854,1000.19,1018237.0
1684464248,30.32,52.854,1000.19,1023682.0
1684464250,30.32,52.854,1000.17,1029186.0
1684464252,30.33,52.854,1000.28,1020564.0
1684464255,30.33,52.854,1000.30,1022901.0
1684464257,30.32,52.854,1000.19,1019787.0
1684464259,30.33,52.854,1000.28,1024465.0
1684464261,30.33,52.854,1000.19,1026034.0
1684464263,30.33,52.854,1000.19,1020564.0
1684464266,30.33,52.854,1000.28,1022121.0
1684464268,30.33,52.854,1000.28,1026820.0
1684464270,30.33,52.854,1000.28,1020564.0
1684464272,30.33,52.854,1000.28,1029977.0
1684464274,30.33,52.854,1000.19,1024465.0
1684464277,30.33,52.854,1000.19,1029186.0
1684464279,30.34,52.854,1000.19,1020564.0
1684464281,30.33,52.854,1000.19,1026820.0
1684464283,30.34,52.854,1000.19,1020564.0
1684464285,30.33,52.854,1000.19,1023682.0
1684464288,30.34,52.854,1000.28,1018237.0
1684464290,30.34,52.854,1000.19,1032357.0
1684464292,30.34,52.854,1000.30,1024465.0
1684464294,30.34,52.854,1000.17,1026034.0
1684464296,30.34,52.854,1000.19,1031563.0
1684464298,30.34,52.854,1000.19,1022121.0
1684464301,30.34,52.854,1000.19,1021341.0
1684464303,30.34,52.854,1000.28,1017464.0
1684464305,30.34,52.854,1000.28,1020564.0
1684464307,30.34,52.854,1000.15,1019011.0
1684464309,30.34,52.854,1000.19,1025249.0
1684464312,30.34,52.854,1000.17,1028396.0
1684464314,30.34,52.854,1000.17,1024465.0
1684464316,30.35,52.854,1000.17,1017464.0
1684464318,30.35,52.854,1000.17,1025249.0
1684464320,30.35,52.854,1000.19,1023682.0
1684464323,30.35,52.854,1000.28,1016692.0
1684464325,30.35,52.854,1000.28,1023682.0
1684464327,30.35,52.854,1000.19,1022121.0
1684464329,30.35,52.854,1000.17,1024465.0
1684464331,30.35,52.854,1000.30,1019787.0
1684464334,30.35,52.854,1000.30,1019011.0
1684464336,30.35,52.854,1000.19,1019787.0
1684464338,30.35,52.854,1000.28,1027607.0
1684464340,30.35,52.854,1000.30,1021341.0
1684464342,30.35,52.854,1000.28,1022121.0
1684464345,30.35,52.854,1000.30,1023682.0
1684464347,30.35,52.854,1000.17,1024465.0
1684464349,30.35,52.854,1000.28,1024465.0
1684464351,30.35,52.854,1000.19,1025249.0
1684464353,30.36,52.854,1000.19,1024465.0
1684464355,30.36,52.854,1000.19,1022901.0
1684464358,30.36,52.854,1000.19,1020564.0
1684464360,30.36,52.854,1000.19,1024465.0
1684464362,30.35,52.854,1000.19,1030769.0
1684464364,30.36,52.854,1000.13,1019787.0
1684464366,30.36,52.854,1000.17,1030769.0
1684464369,30.36,52.854,1000.28,1028396.0
1684464371,30.36,52.854,1000.28,1022121.0
1684464373,30.36,52.854,1000.17,1023682.0
1684464375,30.36,52.854,1000.17,1024465.0
1684464377,30.36,52.854,1000.15,1021341.0
1684464380,30.36,52.854,1000.19,1026034.0
1684464382,30.37,52.854,1000.19,1026034.0
1684464384,30.36,52.854,1000.17,1024465.0
1684464386,30.37,52.854,1000.32,1013616.0
1684464388,30.37,52.854,1000.17,1024465.0
1684464391,30.37,52.854,1000.17,1022901.0
1684464393,30.37,52.854,1000.19,1023682.0
1684464395,30.37,52.854,1000.19,1026034.0
1684464397,30.37,52.854,1000.17,1017464.0
1684464399,30.37,52.958,1000.19,1026820.0
1684464402,30.37,52.958,1000.19,1028396.0
1684464404,30.37,52.958,1000.19,1027607.0
1684464406,30.37,52.958,1000.17,1018237.0
1684464408,30.37,52.958,1000.17,1020564.0
1684464410,30.37,52.958,1000.19,1019011.0
1684464412,30.37,52.958,1000.28,1027607.0
1684464415,30.38,52.958,1000.17,1026034.0
1684464417,30.38,52.958,1000.19,1022121.0
1684464419,30.38,52.958,1000.17,1023682.0
1684464421,30.38,52.958,1000.17,1025249.0
1684464423,30.38,52.958,1000.17,1026820.0
1684464426,30.38,52.958,1000.30,1022121.0
1684464428,30.38,52.958,1000.17,1022901.0
1684464430,30.38,52.958,1000.17,1021341.0
1684464432,30.38,52.958,1000.17,1027607.0
1684464434,30.38,52.958,1000.15,1027607.0
1684464437,30.38,52.958,1000.17,1021341.0
1684464439,30.38,52.958,1000.19,1016692.0
1684464441,30.38,52.958,1000.19,1028396.0
1684464443,30.38,52.958,1000.17,1029186.0
1684464445,30.39,52.958,1000.28,1028396.0
1684464448,30.39,52.958,1000.19,1029186.0
1684464450,30.38,52.958,1000.17,1021341.0
1684464452,30.39,52.958,1000.17,1022121.0
1684464454,30.39,52.958,1000.19,1023682.0
1684464456,30.39,52.958,1000.28,1022901.0
1684464459,30.39,52.958,1000.19,1022901.0
1684464461,30.39,52.958,1000.19,1022121.0
1684464463,30.39,52.958,1000.19,1033951.0
1684464465,30.39,52.958,1000.17,1023682.0
1684464467,30.40,52.958,1000.19,1021341.0
1684464469,30.40,52.958,1000.19,1021341.0
1684464472,30.39,52.958,1000.19,1019011.0
1684464474,30.40,52.958,1000.19,1029977.0
1684464476,30.40,52.958,1000.30,1021341.0
1684464478,30.40,52.958,1000.19,1028396.0
1684464480,30.40,52.958,1000.17,1023682.0
1684464483,30.40,52.958,1000.19,1022121.0
1684464485,30.40,52.958,1000.19,1024465.0
1684464487,30.40,52.958,1000.28,1031563.0
1684464489,30.40,52.958,1000.17,1020564.0
1684464491,30.40,52.958,1000.17,1021341.0
1684464494,30.40,52.958,1000.19,1020564.0
1684464496,30.40,52.958,1000.17,1029977.0
1684464498,30.40,52.958,1000.17,1018237.0
1684464500,30.40,52.958,1000.19,1022901.0
1684464502,30.40,52.958,1000.19,1029186.0
1684464505,30.40,52.958,1000.15,1021341.0
1684464507,30.40,52.958,1000.17,1028396.0
1684464509,30.40,52.958,1000.17,1020564.0
1684464511,30.41,52.958,1000.19,1025249.0
1684464513,30.41,52.958,1000.17,1023682.0
1684464516,30.41,52.958,1000.28,1022121.0
1684464518,30.41,52.958,1000.19,1022121.0
1684464520,30.41,52.958,1000.28,1031563.0
1684464522,30.41,52.958,1000.28,1023682.0
1684464524,30.41,52.958,1000.19,1021341.0
1684464526,30.41,52.958,1000.17,1031563.0
1684464529,30.41,52.958,1000.30,1023682.0
1684464531,30.41,52.958,1000.19,1025249.0
1684464533,30.41,52.958,1000.17,1022121.0
1684464535,30.41,52.958,1000.28,1022901.0
1684464537,30.42,52.958,1000.17,1018237.0
1684464540,30.42,52.958,1000.17,1030769.0
1684464542,30.42,52.958,1000.28,1029977.0
1684464544,30.41,52.958,1000.19,1026034.0
1684464546,30.42,52.958,1000.19,1019787.0
1684464548,30.42,52.958,1000.17,1022901.0
1684464551,30.42,52.958,1000.15,1023682.0
1684464553,30.42,52.958,1000.28,1024465.0
1684464555,30.42,52.958,1000.28,1025249.0
1684464557,30.42,52.958,1000.28,1023682.0
1684464559,30.42,52.958,1000.17,1026034.0
1684464562,30.42,52.958,1000.17,1020564.0
1684464564,30.42,52.958,1000.28,1024465.0
1684464566,30.42,52.958,1000.19,1023682.0
1684464568,30.42,52.958,1000.19,1022901.0
1684464570,30.42,52.958,1000.28,1022901.0
1684464573,30.42,52.958,1000.17,1023682.0
1684464575,30.43,53.067,1000.17,1026820.0
1684464577,30.42,53.067,1000.17,1022901.0
1684464579,30.43,53.067,1000.17,1031563.0
1684464581,30.43,53.067,1000.17,1030769.0
1684464583,30.42,53.067,1000.17,1025249.0
1684464586,30.43,53.067,1000.28,1019011.0
1684464588,30.43,53.067,1000.19,1030769.0
1684464590,30.43,53.067,1000.19,1026820.0
1684464592,30.43,53.067,1000.30,1027607.0
1684464594,30.43,53.067,1000.28,1022121.0
1684464597,30.43,53.067,1000.17,1023682.0
1684464599,30.43,53.067,1000.30,1022121.0
1684464601,30.43,53.067,1000.28,1022901.0
1684464603,30.43,53.067,1000.28,1028396.0
1684464605,30.43,53.067,1000.19,1022901.0
1684464608,30.44,53.067,1000.28,1022121.0
1684464610,30.44,53.067,1000.19,1024465.0
1684464612,30.44,53.067,1000.19,1023682.0
1684464614,30.44,53.067,1000.28,1020564.0
1684464616,30.44,53.067,1000.28,1022121.0
1684464619,30.44,53.067,1000.19,1025249.0
1684464621,30.44,53.067,1000.19,1019787.0
1684464623,30.44,53.067,1000.19,1025249.0
1684464625,30.44,53.067,1000.28,1026820.0
1684464627,30.44,53.067,1000.28,1024465.0
1684464630,30.45,53.067,1000.28,1026820.0
1684464632,30.45,53.067,1000.28,1027607.0
1684464634,30.45,53.067,1000.28,1019787.0
1684464636,30.45,53.067,1000.28,1025249.0
1684464638,30.44,53.067,1000.17,1019787.0
1684464641,30.45,53.067,1000.28,1026034.0
1684464643,30.45,53.067,1000.19,1019011.0
1684464645,30.45,53.067,1000.30,1028396.0
1684464647,30.45,53.067,1000.30,1019787.0
1684464649,30.45,53.067,1000.19,1028396.0
1684464651,30.45,53.067,1000.28,1028396.0
1684464654,30.45,53.067,1000.28,1026820.0
1684464656,30.46,53.067,1000.28,1026820.0
1684464658,30.46,53.067,1000.28,1026820.0
1684464660,30.46,53.067,1000.28,1025249.0
1684464662,30.46,53.067,1000.28,1027607.0
1684464665,30.46,53.067,1000.28,1019787.0
1684464667,30.46,53.067,1000.28,1019787.0
1684464669,30.46,53.067,1000.30,1023682.0
1684464671,30.46,53.067,1000.28,1026034.0
1684464673,30.46,53.067,1000.28,1017464.0
1684464676,30.46,53.067,1000.30,1022901.0
1684464678,30.46,53.067,1000.19,1022121.0
1684464680,30.46,53.067,1000.19,1026034.0
1684464682,30.46,53.067,1000.28,1021341.0
1684464684,30.46,53.067,1000.28,1027607.0
1684464687,30.46,53.067,1000.28,1028396.0
1684464689,30.47,53.067,1000.28,1030769.0
1684464691,30.47,53.067,1000.32,1019011.0
1684464693,30.46,53.067,1000.28,1026820.0
1684464695,30.46,53.067,1000.28,1025249.0
1684464698,30.47,53.067,1000.17,1024465.0
1684464700,30.47,53.067,1000.28,1019787.0
1684464702,30.47,53.067,1000.34,1024465.0
1684464704,30.47,53.067,1000.30,1022121.0
1684464706,30.47,53.067,1000.30,1027607.0
1684464708,30.47,53.067,1000.32,1022121.0
1684464711,30.47,53.067,1000.32,1022901.0
1684464713,30.47,53.067,1000.30,1026034.0
1684464715,30.47,53.067,1000.32,1023682.0
1684464717,30.47,53.067,1000.35,1019787.0
1684464719,30.47,53.067,1000.30,1019787.0
1684464722,30.48,53.067,1000.30,1024465.0
1684464724,30.48,53.067,1000.28,1029977.0
1684464726,30.48,53.067,1000.28,1027607.0
1684464728,30.48,53.067,1000.30,1023682.0
1684464730,30.48,53.067,1000.30,1024465.0
1684464733,30.48,53.067,1000.30,1027607.0
1684464735,30.48,53.067,1000.30,1027607.0
1684464737,30.48,53.067,1000.30,1019011.0
1684464739,30.48,53.067,1000.30,1018237.0
1684464741,30.48,53.067,1000.30,1029977.0
1684464744,30.48,53.067,1000.32,1026034.0
1684464746,30.49,53.067,1000.30,1029186.0
1684464748,30.48,53.067,1000.28,1032357.0
1684464750,30.48,53.067,1000.32,1028396.0
1684464752,30.48,53.067,1000.32,1022121.0
1684464755,30.49,53.067,1000.30,1027607.0
1684464757,30.48,53.067,1000.28,1022901.0
1684464759,30.49,53.067,1000.30,1019011.0
1684464761,30.48,53.067,1000.28,1027607.0
1684464763,30.49,53.067,1000.30,1024465.0
1684464766,30.49,53.067,1000.32,1021341.0
1684464768,30.49,53.067,1000.28,1026034.0
1684464770,30.49,53.067,1000.32,1026820.0
1684464772,30.49,53.067,1000.32,1026820.0
1684464774,30.49,53.067,1000.28,1025249.0
1684464776,30.49,53.067,1000.32,1022121.0
1684464779,30.49,53.067,1000.32,1023682.0
1684464781,30.50,53.067,1000.32,1025249.0
1684464783,30.49,53.067,1000.32,1026034.0
1684464785,30.49,53.067,1000.30,1020564.0
1684464787,30.49,53.067,1000.34,1027607.0
1684464790,30.50,53.067,1000.32,1026034.0
1684464792,30.50,53.067,1000.34,1027607.0
1684464794,30.49,53.067,1000.19,1023682.0
1684464796,30.50,53.067,1000.30,1033153.0
1684464798,30.50,53.067,1000.34,1023682.0
1684464801,30.49,53.067,1000.30,1018237.0
1684464803,30.50,53.067,1000.30,1019787.0
1684464805,30.50,53.067,1000.28,1022121.0
1684464807,30.50,53.067,1000.30,1024465.0
1684464809,30.50,53.067,1000.30,1029186.0
1684464812,30.50,53.067,1000.28,1022901.0
1684464814,30.50,53.067,1000.30,1022901.0
1684464816,30.50,53.067,1000.30,1030769.0
1684464818,30.50,53.067,1000.28,1021341.0
1684464820,30.50,53.067,1000.28,1028396.0
1684464823,30.50,53.067,1000.30,1026820.0
1684464825,30.50,53.067,1000.28,1026820.0
1684464827,30.51,53.067,1000.28,1023682.0
1684464829,30.50,53.067,1000.28,1022901.0
1684464831,30.51,53.067,1000.32,1022121.0
1684464833,30.51,53.067,1000.30,1017464.0
1684464836,30.50,53.067,1000.32,1018237.0
1684464838,30.51,53.067,1000.32,1020564.0
1684464840,30.51,53.067,1000.30,1026034.0
1684464842,30.51,53.067,1000.32,1024465.0
1684464844,30.51,53.067,1000.30,1019011.0
1684464847,30.51,53.067,1000.34,1027607.0
1684464849,30.51,53.067,1000.30,1026034.0
1684464851,30.51,53.067,1000.32,1028396.0
1684464853,30.51,53.067,1000.30,1031563.0
1684464855,30.51,53.067,1000.30,1023682.0
1684464858,30.51,52.965,1000.32,1015921.0
1684464860,30.51,52.965,1000.28,1021341.0
1684464862,30.52,52.965,1000.28,1022121.0
1684464864,30.51,52.965,1000.28,1023682.0
1684464866,30.51,52.965,1000.28,1029186.0
1684464869,30.52,52.965,1000.19,1020564.0
1684464871,30.52,52.965,1000.19,1015921.0
1684464873,30.52,52.965,1000.32,1022901.0
1684464875,30.52,52.965,1000.30,1022121.0
1684464877,30.52,52.965,1000.30,1024465.0
1684464880,30.52,52.965,1000.28,1022121.0
1684464882,30.52,52.965,1000.28,1019787.0
1684464884,30.52,52.965,1000.28,1023682.0
1684464886,30.52,52.965,1000.19,1018237.0
1684464888,30.52,52.965,1000.19,1022901.0
1684464891,30.52,52.965,1000.30,1022121.0
1684464893,30.52,52.965,1000.19,1023682.0
1684464895,30.52,52.965,1000.19,1025249.0
1684464897,30.52,52.965,1000.19,1018237.0
1684464899,30.53,52.965,1000.19,1029977.0
1684464902,30.52,52.965,1000.19,1024465.0
1684464904,30.53,52.965,1000.19,1022121.0
1684464906,30.52,52.965,1000.28,1019787.0
1684464908,30.53,52.965,1000.19,1022121.0
1684464910,30.53,52.965,1000.30,1026820.0
1684464912,30.53,52.965,1000.28,1019787.0
1684464915,30.53,52.965,1000.19,1022901.0
1684464917,30.53,52.965,1000.32,1022121.0
1684464919,30.53,52.965,1000.19,1026820.0
1684464921,30.53,52.965,1000.19,1028396.0
1684464923,30.53,52.965,1000.19,1026034.0
1684464926,30.53,52.965,1000.19,1019011.0
1684464928,30.53,52.965,1000.19,1017464.0
1684464930,30.53,52.965,1000.19,1019011.0
1684464932,30.53,52.965,1000.19,1026820.0
1684464934,30.53,52.965,1000.28,1019787.0
1684464937,30.53,52.965,1000.28,1022901.0
1684464939,30.53,52.965,1000.19,1022121.0
1684464941,30.53,52.965,1000.28,1020564.0
1684464943,30.53,52.965,1000.19,1025249.0
1684464945,30.53,52.965,1000.19,1020564.0
1684464948,30.53,52.965,1000.28,1017464.0
1684464950,30.54,52.965,1000.19,1025249.0
1684464952,30.54,52.965,1000.19,1018237.0
1684464954,30.54,52.965,1000.17,1021341.0
1684464956,30.54,52.965,1000.28,1022121.0
1684464959,30.54,52.965,1000.19,1020564.0
1684464961,30.54,52.965,1000.19,1024465.0
1684464963,30.53,52.965,1000.28,1014383.0
1684464965,30.54,52.965,1000.17,1024465.0
1684464967,30.54,52.965,1000.17,1015921.0
1684464969,30.54,52.965,1000.17,1023682.0
1684464972,30.54,52.965,1000.17,1019787.0
1684464974,30.54,52.965,1000.19,1022901.0
1684464976,30.54,52.965,1000.17,1013616.0
1684464978,30.54,52.965,1000.19,1026034.0
1684464980,30.54,52.965,1000.17,1018237.0
1684464983,30.55,52.965,1000.28,1019011.0
1684464985,30.55,52.965,1000.15,1022901.0
1684464987,30.55,52.965,1000.13,1017464.0
1684464989,30.55,52.965,1000.19,1023682.0
1684464991,30.55,52.965,1000.17,1019011.0
1684464994,30.55,52.965,1000.19,1027607.0
1684464996,30.55,52.965,1000.19,1022901.0
1684464998,30.55,52.965,1000.17,1025249.0
1684465000,30.55,52.965,1000.17,1019011.0
1684465002,30.55,52.965,1000.17,1017464.0
1684465005,30.55,52.965,1000.17,1028396.0
1684465007,30.55,52.965,1000.17,1024465.0
1684465009,30.56,52.965,1000.13,1020564.0
1684465011,30.56,52.965,1000.19,1019011.0
1684465013,30.56,52.965,1000.15,1016692.0
1684465016,30.56,52.965,1000.15,1022121.0
1684465018,30.56,52.965,1000.15,1021341.0
1684465020,30.56,52.965,1000.19,1027607.0
1684465022,30.56,53.070,1000.15,1022121.0
1684465024,30.56,53.070,1000.15,1022121.0
1684465026,30.56,53.070,1000.17,1015152.0
1684465029,30.56,53.070,1000.13,1022121.0
1684465031,30.56,53.070,1000.15,1025249.0
1684465033,30.56,53.070,1000.15,1017464.0
1684465035,30.56,53.070,1000.15,1018237.0
1684465037,30.56,53.070,1000.15,1026820.0
1684465040,30.56,53.070,1000.15,1021341.0
1684465042,30.57,53.070,1000.15,1017464.0
1684465044,30.56,53.070,1000.13,1012850.0
1684465046,30.57,53.070,1000.19,1020564.0
1684465048,30.57,53.070,1000.19,1024465.0
1684465051,30.57,53.070,1000.15,1020564.0
1684465053,30.57,53.070,1000.17,1016692.0
1684465055,30.57,53.070,1000.17,1019011.0
1684465057,30.57,53.070,1000.17,1017464.0
1684465059,30.57,53.070,1000.17,1018237.0
1684465062,30.57,53.070,1000.17,1014383.0
1684465064,30.58,53.070,1000.15,1021341.0
1684465066,30.58,53.070,1000.15,1019787.0
1684465068,30.57,53.070,1000.15,1019787.0
1684465070,30.58,53.070,1000.17,1020564.0
1684465073,30.58,53.070,1000.13,1020564.0
1684465075,30.58,53.070,1000.15,1022121.0
1684465077,30.58,53.070,1000.15,1020564.0
1684465079,30.58,53.070,1000.15,1017464.0
1684465081,30.59,53.172,1000.17,1015921.0
1684465084,30.59,53.172,1000.28,1019787.0
1684465086,30.58,53.172,1000.17,1023682.0
1684465088,30.59,53.172,1000.15,1015921.0
1684465090,30.59,53.172,1000.17,1024465.0
1684465092,30.59,53.172,1000.15,1015152.0
1684465094,30.59,53.172,1000.15,1022121.0
1684465097,30.59,53.172,1000.17,1019011.0
1684465099,30.59,53.172,1000.17,1015921.0
1684465101,30.60,53.172,1000.17,1022121.0
1684465103,30.60,53.172,1000.17,1021341.0
1684465105,30.60,53.172,1000.15,1022121.0
1684465108,30.60,53.172,1000.17,1022121.0
1684465110,30.60,53.172,1000.15,1015921.0
1684465112,30.60,53.172,1000.15,1009036.0
1684465114,30.60,53.172,1000.15,1017464.0
1684465116,30.60,53.172,1000.13,1020564.0
1684465119,30.60,53.172,1000.13,1023682.0
1684465121,30.60,53.172,1000.15,1019011.0
1684465123,30.60,53.172,1000.15,1016692.0
1684465125,30.60,53.172,1000.13,1015921.0
1684465127,30.60,53.172,1000.17,1017464.0
1684465130,30.60,53.172,1000.13,1019011.0
1684465132,30.60,53.172,1000.11,1018237.0
1684465134,30.61,53.172,1000.17,1019787.0
1684465136,30.60,53.172,1000.13,1019787.0
1684465138,30.60,53.172,1000.15,1020564.0
1684465141,30.61,53.172,1000.11,1021341.0
1684465143,30.61,53.172,1000.15,1017464.0
1684465145,30.61,53.172,1000.15,1016692.0
1684465147,30.61,53.172,1000.13,1017464.0
1684465149,30.61,53.172,1000.13,1019787.0
1684465151,30.61,53.172,1000.15,1017464.0
1684465154,30.61,53.172,1000.15,1015152.0
1684465156,30.61,53.172,1000.13,1009797.0
1684465158,30.61,53.172,1000.13,1019011.0
1684465160,30.61,53.172,1000.13,1019011.0
1684465162,30.61,53.172,1000.13,1022901.0
1684465165,30.61,53.172,1000.11,1012085.0
1684465167,30.61,53.172,1000.17,1019787.0
1684465169,30.61,53.172,1000.13,1019787.0
1684465171,30.61,53.073,1000.11,1019787.0
1684465173,30.62,53.073,1000.11,1020564.0
1684465176,30.61,53.073,1000.13,1018237.0
1684465178,30.61,53.073,1000.11,1015921.0
1684465180,30.62,53.073,1000.13,1016692.0
1684465182,30.61,53.073,1000.15,1018237.0
1684465184,30.62,53.073,1000.09,1020564.0
1684465187,30.62,53.073,1000.11,1010558.0
1684465189,30.61,53.073,1000.13,1022121.0
1684465191,30.62,53.073,1000.11,1019787.0
1684465193,30.62,53.073,1000.09,1020564.0
1684465195,30.62,53.073,1000.09,1017464.0
1684465198,30.61,53.073,1000.15,1016692.0
1684465200,30.62,53.073,1000.11,1019787.0
1684465202,30.62,53.073,1000.11,1015921.0
1684465204,30.62,53.073,1000.13,1014383.0
1684465206,30.62,53.073,1000.11,1017464.0
1684465208,30.62,53.073,1000.13,1019787.0
1684465211,30.62,53.073,1000.09,1016692.0
1684465213,30.62,53.073,1000.11,1018237.0
1684465215,30.62,53.073,1000.09,1019011.0
1684465217,30.62,53.073,1000.09,1019011.0
1684465219,30.62,53.073,1000.11,1017464.0
1684465222,30.62,53.073,1000.09,1016692.0
1684465224,30.63,53.073,1000.15,1010558.0
1684465226,30.62,53.073,1000.11,1019011.0
1684465228,30.62,53.073,1000.11,1016692.0
1684465230,30.63,53.073,1000.15,1015152.0
1684465233,30.62,53.073,1000.09,1022121.0
1684465235,30.63,53.073,1000.17,1017464.0
1684465237,30.63,53.073,1000.13,1017464.0
1684465239,30.62,53.073,1000.09,1017464.0
1684465241,30.62,53.073,1000.09,1019011.0
1684465244,30.63,53.073,1000.15,1015152.0
1684465246,30.63,53.073,1000.15,1022901.0
1684465248,30.63,53.073,1000.15,1015921.0
1684465250,30.62,53.073,1000.09,1015152.0
1684465252,30.63,53.073,1000.17,1019011.0
1684465255,30.63,53.073,1000.17,1018237.0
1684465257,30.63,53.073,1000.15,1014383.0
1684465259,30.63,53.073,1000.13,1022121.0
1684465261,30.63,53.073,1000.15,1018237.0
1684465263,30.63,53.073,1000.15,1019011.0
1684465265,30.63,53.073,1000.13,1015921.0
1684465268,30.63,53.073,1000.13,1019787.0
1684465270,30.63,53.073,1000.13,1016692.0
1684465272,30.63,53.073,1000.15,1019787.0
1684465274,30.63,53.073,1000.11,1016692.0
1684465276,30.63,53.073,1000.17,1020564.0
1684465279,30.63,53.073,1000.13,1010558.0
1684465281,30.63,53.073,1000.11,1010558.0
1684465283,30.63,53.073,1000.11,1023682.0
1684465285,30.63,53.073,1000.13,1017464.0
1684465287,30.63,53.073,1000.17,1017464.0
1684465290,30.63,53.073,1000.11,1017464.0
1684465292,30.63,53.073,1000.13,1015921.0
1684465294,30.64,53.073,1000.11,1017464.0
1684465296,30.63,53.073,1000.11,1015152.0
1684465298,30.63,53.073,1000.11,1018237.0
1684465301,30.64,53.073,1000.11,1022121.0
1684465303,30.63,53.073,1000.07,1012085.0
1684465305,30.64,53.073,1000.11,1009797.0
1684465307,30.64,53.073,1000.07,1017464.0
1684465309,30.64,53.073,1000.07,1017464.0
1684465312,30.64,53.073,1000.13,1017464.0
1684465314,30.64,53.073,1000.13,1013616.0
1684465316,30.64,53.073,1000.07,1015921.0
1684465318,30.64,53.073,1000.05,1017464.0
1684465320,30.64,53.073,1000.07,1016692.0
1684465322,30.65,53.073,1000.11,1018237.0
1684465325,30.64,53.073,1000.09,1012850.0
1684465327,30.64,53.073,1000.07,1019787.0
1684465329,30.64,53.073,1000.07,1012085.0
1684465331,30.64,53.073,1000.11,1015152.0
1684465333,30.64,53.073,1000.07,1016692.0
1684465336,30.64,53.073,1000.11,1020564.0
1684465338,30.64,53.073,1000.07,1012850.0
1684465340,30.64,53.073,1000.05,1020564.0
1684465342,30.64,53.073,1000.09,1012850.0
1684465344,30.65,53.073,1000.05,1009797.0
1684465347,30.64,53.073,1000.05,1017464.0
1684465349,30.64,53.073,1000.07,1018237.0
1684465351,30.65,53.073,1000.13,1012085.0
1684465353,30.65,53.073,1000.11,1010558.0
1684465355,30.65,53.073,1000.09,1014383.0
1684465358,30.65,53.073,1000.13,1018237.0
1684465360,30.65,53.073,1000.09,1016692.0
1684465362,30.65,53.073,1000.07,1016692.0
1684465364,30.65,53.073,1000.07,1018237.0
1684465366,30.65,53.073,1000.09,1015921.0
1684465369,30.65,53.073,1000.09,1019787.0
1684465371,30.65,53.073,1000.07,1019787.0
1684465373,30.65,53.073,1000.07,1017464.0
1684465375,30.65,53.073,1000.07,1016692.0
1684465377,30.66,53.073,1000.13,1019011.0
1684465379,30.66,53.073,1000.07,1019787.0
1684465382,30.65,53.073,1000.11,1015921.0
1684465384,30.66,53.073,1000.07,1012850.0
1684465386,30.66,53.173,1000.07,1018237.0
1684465388,30.66,53.173,1000.07,1014383.0
1684465390,30.66,53.173,1000.05,1017464.0
1684465393,30.66,53.173,1000.07,1015921.0
1684465395,30.66,53.173,1000.05,1022121.0
1684465397,30.66,53.173,1000.07,1014383.0
1684465399,30.66,53.173,1000.09,1012850.0
1684465401,30.67,53.173,1000.09,1011321.0
1684465404,30.66,53.173,1000.07,1012850.0
1684465406,30.66,53.173,1000.05,1012850.0
1684465408,30.67,53.173,1000.07,1017464.0
1684465410,30.67,53.173,1000.09,1015152.0
1684465412,30.66,53.173,1000.05,1012850.0
1684465415,30.67,53.173,1000.04,1012085.0
1684465417,30.67,53.173,1000.07,1013616.0
1684465419,30.67,53.173,1000.05,1015921.0
1684465421,30.67,53.173,1000.07,1012850.0
1684465423,30.67,53.173,1000.05,1014383.0
1684465426,30.67,53.173,1000.04,1020564.0
1684465428,30.68,53.173,1000.07,1015152.0
1684465430,30.68,53.173,1000.07,1019011.0
1684465432,30.67,53.173,1000.05,1012085.0
1684465434,30.67,53.173,1000.04,1013616.0
1684465436,30.68,53.173,1000.05,1017464.0
1684465439,30.68,53.173,1000.09,1017464.0
1684465441,30.68,53.173,1000.07,1013616.0
1684465443,30.68,53.173,1000.05,1017464.0
1684465445,30.68,53.173,1000.05,1012085.0
1684465447,30.68,53.173,1000.05,1015921.0
1684465450,30.68,53.285,1000.05,1011321.0
1684465452,30.68,53.285,1000.05,1018237.0
1684465454,30.68,53.285,1000.05,1015152.0
1684465456,30.68,53.285,1000.04,1010558.0
1684465458,30.68,53.285,1000.04,1008277.0
1684465461,30.69,53.285,1000.09,1010558.0
1684465463,30.69,53.285,1000.07,1015921.0
1684465465,30.69,53.285,1000.05,1012085.0
1684465467,30.69,53.285,1000.05,1012085.0
1684465469,30.69,53.285,1000.05,1011321.0
1684465472,30.69,53.285,1000.05,1016692.0
1684465474,30.69,53.285,1000.05,1015921.0
1684465476,30.70,53.285,1000.04,1013616.0
1684465478,30.69,53.285,1000.04,1014383.0
1684465480,30.69,53.285,1000.05,1015152.0
1684465483,30.70,53.285,1000.05,1012850.0
1684465485,30.70,53.285,1000.02,1014383.0
1684465487,30.69,53.285,1000.05,1015152.0
1684465489,30.70,53.285,1000.05,1009797.0
1684465491,30.71,53.285,1000.04,1011321.0
1684465493,30.70,53.285,1000.04,1012085.0
1684465496,30.71,53.285,1000.02,1011321.0
1684465498,30.71,53.285,1000.04,1010558.0
1684465500,30.70,53.285,1000.04,1015152.0
1684465502,30.71,53.285,1000.04,1014383.0
1684465504,30.71,53.285,1000.05,1011321.0
1684465507,30.71,53.285,1000.02,1012850.0
1684465509,30.71,53.285,1000.05,1013616.0
1684465511,30.71,53.285,1000.04,1011321.0
1684465513,30.71,53.285,1000.05,1017464.0
1684465515,30.71,53.285,1000.05,1012850.0
1684465518,30.71,53.285,1000.05,1022121.0
1684465520,30.71,53.285,1000.05,1010558.0
1684465522,30.72,53.285,1000.05,1010558.0
1684465524,30.71,53.285,1000.07,1012850.0
1684465526,30.71,53.285,1000.05,1008277.0
1684465529,30.72,53.285,1000.04,1009797.0
1684465531,30.72,53.285,1000.04,1011321.0
1684465533,30.72,53.285,1000.02,1012850.0
1684465535,30.72,53.285,1000.00,1019011.0
1684465537,30.72,53.285,1000.02,1007519.0
1684465540,30.72,53.285,1000.04,1015921.0
1684465542,30.72,53.285,1000.02,1015152.0
1684465544,30.72,53.285,1000.02,1012850.0
1684465546,30.72,53.285,1000.04,1010558.0
1684465548,30.73,53.285,1000.02,1015152.0
1684465550,30.72,53.285,1000.04,1015921.0
1684465553,30.72,53.285,1000.04,1004498.0
1684465555,30.73,53.285,1000.02,1018237.0
1684465557,30.72,53.285,1000.02,1011321.0
1684465559,30.72,53.285,1000.00,1014383.0
1684465561,30.73,53.285,1000.02,1008277.0
1684465564,30.73,53.285,1000.02,1015921.0
1684465566,30.73,53.285,1000.00,1013616.0
1684465568,30.73,53.285,1000.02,1013616.0
1684465570,30.73,53.285,1000.05,1015152.0
1684465572,30.73,53.170,1000.02,1010558.0
1684465575,30.73,53.170,1000.05,1012085.0
1684465577,30.73,53.170,1000.04,1015921.0
1684465579,30.73,53.170,1000.05,1011321.0
1684465581,30.73,53.170,1000.02,1017464.0
1684465583,30.73,53.170,1000.04,1008277.0
1684465586,30.73,53.170,1000.05,1012850.0
1684465588,30.73,53.170,1000.05,1013616.0
1684465590,30.73,53.170,1000.04,1015921.0
1684465592,30.73,53.170,1000.05,1015921.0
1684465594,30.73,53.170,1000.04,1008277.0
1684465597,30.73,53.170,1000.05,1018237.0
1684465599,30.73,53.170,1000.04,1011321.0
1684465601,30.73,53.170,1000.05,1012085.0
1684465603,30.73,53.170,1000.04,1014383.0
1684465605,30.74,53.170,1000.04,1011321.0
1684465607,30.74,53.170,1000.05,1013616.0
1684465610,30.73,53.170,1000.04,1009797.0
1684465612,30.74,53.170,1000.00,1009797.0
1684465614,30.74,53.170,1000.05,1015921.0
1684465616,30.74,53.170,1000.02,1009797.0
1684465618,30.74,53.170,1000.00,1012085.0
1684465621,30.74,53.170,1000.02,1013616.0
1684465623,30.73,53.170,1000.02,1017464.0
1684465625,30.73,53.170,999.98,1009797.0
1684465627,30.74,53.170,1000.02,1015152.0
1684465629,30.74,53.170,1000.02,1015921.0
1684465632,30.74,53.170,999.96,1012850.0
1684465634,30.74,53.170,1000.02,1010558.0
1684465636,30.74,53.170,1000.00,1010558.0
1684465638,30.74,53.170,1000.00,1012850.0
1684465640,30.75,53.170,1000.02,1016692.0
1684465643,30.74,53.170,1000.02,1015152.0
1684465645,30.74,53.170,1000.04,1009036.0
1684465647,30.74,53.170,1000.00,1012085.0
1684465649,30.74,53.170,999.98,1007519.0
1684465651,30.74,53.170,999.98,1007519.0
1684465654,30.74,53.170,1000.00,1017464.0
1684465656,30.75,53.170,1000.00,1011321.0
1684465658,30.75,53.170,1000.04,1010558.0
1684465660,30.75,53.170,1000.04,1009036.0
1684465662,30.75,53.170,1000.00,1008277.0
1684465664,30.75,53.170,1000.00,1012085.0
1684465667,30.75,53.170,1000.00,1012850.0
1684465669,30.75,53.170,1000.00,1013616.0
1684465671,30.75,53.170,1000.04,1005251.0
1684465673,30.75,53.170,1000.02,1012850.0
1684465675,30.75,53.170,1000.00,1012850.0
1684465678,30.75,53.170,1000.04,1012850.0
1684465680,30.75,53.170,1000.00,1007519.0
1684465682,30.75,53.170,999.98,1014383.0
1684465684,30.75,53.170,999.98,1009797.0
1684465686,30.76,53.170,1000.00,1012850.0
1684465689,30.75,53.170,1000.02,1008277.0
1684465691,30.76,53.170,999.98,1017464.0
1684465693,30.76,53.170,1000.02,1011321.0
1684465695,30.76,53.170,1000.02,1008277.0
1684465697,30.76,53.170,1000.00,1012085.0
1684465700,30.76,53.170,1000.00,1012085.0
1684465702,30.76,53.170,1000.00,1008277.0
1684465704,30.76,53.170,1000.00,1008277.0
1684465706,30.76,53.170,1000.00,1007519.0
1684465708,30.76,53.170,1000.02,1013616.0
1684465711,30.76,53.170,1000.00,1011321.0
1684465713,30.76,53.170,999.98,1015921.0
1684465715,30.76,53.170,999.98,1012850.0
1684465717,30.76,53.170,1000.02,1011321.0
1684465719,30.76,53.170,999.98,1009797.0
1684465721,30.77,53.170,1000.04,1009797.0
1684465724,30.77,53.170,1000.05,1006006.0
1684465726,30.76,53.170,999.98,1009797.0
1684465728,30.76,53.270,999.96,1012085.0
1684465730,30.77,53.270,1000.02,1010558.0
1684465732,30.77,53.270,1000.04,1011321.0
1684465735,30.77,53.270,1000.04,1009797.0
1684465737,30.77,53.270,1000.00,1011321.0
1684465739,30.77,53.270,1000.02,1012085.0
1684465741,30.77,53.270,1000.02,1015921.0
1684465743,30.77,53.270,1000.04,1010558.0
1684465746,30.77,53.270,1000.00,1010558.0
1684465748,30.77,53.270,999.98,1006762.0
1684465750,30.77,53.270,1000.00,1013616.0
1684465752,30.77,53.270,1000.05,1012850.0
1684465754,30.77,53.270,1000.00,1015152.0
1684465757,30.78,53.270,1000.02,1010558.0
1684465759,30.77,53.270,1000.00,1012085.0
1684465761,30.77,53.270,1000.00,1006006.0
1684465763,30.78,53.270,1000.00,1010558.0
1684465765,30.78,53.270,1000.02,1012085.0
1684465768,30.78,53.270,1000.02,1006762.0
1684465770,30.78,53.270,1000.02,1009797.0
1684465772,30.78,53.270,1000.02,1011321.0
1684465774,30.78,53.270,1000.00,1010558.0
1684465776,30.78,53.270,1000.00,1013616.0
1684465779,30.78,53.270,1000.00,1011321.0
1684465781,30.78,53.270,1000.00,1013616.0
1684465783,30.78,53.270,1000.00,1007519.0
1684465785,30.78,53.270,999.98,1016692.0
1684465787,30.78,53.270,999.98,1005251.0
1684465790,30.79,53.270,1000.00,1005251.0
1684465792,30.79,53.270,999.98,1012850.0
1684465794,30.79,53.270,1000.00,1008277.0
1684465796,30.79,53.375,1000.02,1009797.0
1684465798,30.79,53.375,999.98,1012085.0
1684465800,30.79,53.375,1000.00,1012085.0
1684465803,30.80,53.375,1000.02,1006762.0
1684465805,30.79,53.375,999.98,1014383.0
1684465807,30.79,53.375,1000.00,1008277.0
1684465809,30.80,53.375,999.98,1006006.0
1684465811,30.79,53.375,999.98,1006762.0
1684465814,30.80,53.375,999.98,1009036.0
1684465816,30.79,53.375,1000.00,1006006.0
1684465818,30.80,53.375,1000.00,1011321.0
1684465820,30.80,53.375,1000.02,1007519.0
1684465822,30.80,53.375,1000.00,1009797.0
1684465825,30.80,53.375,999.98,1009797.0
1684465827,30.80,53.375,1000.00,1010558.0
1684465829,30.80,53.375,1000.00,1007519.0
1684465831,30.80,53.375,1000.00,1008277.0
1684465833,30.80,53.375,999.98,1012850.0
1684465836,30.81,53.375,1000.04,1011321.0
1684465838,30.81,53.375,1000.02,1010558.0
1684465840,30.81,53.375,1000.02,1012850.0
1684465842,30.81,53.375,1000.02,1006006.0
1684465844,30.81,53.375,1000.02,1009036.0
1684465847,30.81,53.375,1000.02,1009036.0
1684465849,30.80,53.375,1000.00,1005251.0
1684465851,30.81,53.375,1000.00,1006762.0
1684465853,30.81,53.375,1000.02,1009797.0
1684465855,30.81,53.375,1000.02,1006006.0
1684465857,30.81,53.375,1000.04,1012085.0
1684465860,30.81,53.375,1000.04,1004498.0
1684465862,30.81,53.375,1000.02,1009036.0
1684465864,30.81,53.375,1000.02,1009036.0
1684465866,30.81,53.375,1000.00,1007519.0
1684465868,30.82,53.375,1000.00,1009797.0
1684465871,30.82,53.375,1000.00,1005251.0
1684465873,30.82,53.375,1000.02,1008277.0
1684465875,30.82,53.375,1000.00,1009797.0
1684465877,30.82,53.375,1000.02,1019787.0
1684465879,30.82,53.375,1000.00,1009797.0
1684465882,30.82,53.375,1000.04,1005251.0
1684465884,30.83,53.375,1000.04,1006762.0
1684465886,30.82,53.375,1000.02,1005251.0
1684465888,30.82,53.375,1000.00,1003745.0
1684465890,30.82,53.375,1000.00,1012850.0
1684465893,30.82,53.375,1000.00,1008277.0
1684465895,30.82,53.375,999.98,1006762.0
1684465897,30.82,53.375,1000.00,1003745.0
1684465899,30.82,53.375,999.98,1008277.0
1684465901,30.83,53.375,1000.02,1008277.0
1684465904,30.83,53.375,1000.04,1007519.0
1684465906,30.83,53.375,1000.02,1017464.0
1684465908,30.83,53.375,1000.05,1006006.0
1684465910,30.82,53.375,999.98,1006762.0
1684465912,30.82,53.375,999.98,1004498.0
1684465914,30.83,53.375,1000.02,1004498.0
1684465917,30.83,53.375,1000.02,1006762.0
1684465919,30.83,53.375,1000.00,1009036.0
1684465921,30.83,53.375,1000.00,1005251.0
1684465923,30.83,53.375,1000.02,1009797.0
1684465925,30.83,53.375,1000.02,1008277.0
1684465928,30.83,53.375,1000.00,1008277.0
1684465930,30.83,53.375,1000.04,1009797.0
1684465932,30.83,53.375,1000.00,1009036.0
1684465934,30.84,53.375,1000.00,1009797.0
1684465936,30.83,53.375,1000.02,1006762.0
1684465939,30.83,53.375,999.98,1009797.0
1684465941,30.84,53.375,1000.00,1009036.0
1684465943,30.84,53.375,1000.02,1010558.0
1684465945,30.83,53.375,1000.00,1007519.0
1684465947,30.84,53.375,1000.00,1009036.0
1684465950,30.83,53.375,1000.02,1008277.0
1684465952,30.84,53.375,1000.02,1006762.0
1684465954,30.84,53.375,1000.02,1006006.0
1684465956,30.84,53.375,1000.00,1006006.0
1684465958,30.84,53.375,1000.00,1005251.0
1684465961,30.84,53.375,999.98,1008277.0
1684465963,30.84,53.375,999.96,1004498.0
1684465965,30.84,53.375,1000.02,1005251.0
1684465967,30.84,53.375,1000.02,1014383.0
1684465969,30.84,53.375,1000.00,1009797.0
1684465972,30.84,53.375,1000.00,1006762.0
1684465974,30.84,53.375,1000.02,1008277.0
1684465976,30.84,53.375,1000.02,1012085.0
1684465978,30.84,53.375,999.98,1008277.0
1684465980,30.84,53.375,1000.00,1009036.0
1684465982,30.84,53.375,1000.00,1003745.0
1684465985,30.85,53.375,1000.02,1004498.0
1684465987,30.84,53.375,999.98,1006762.0
1684465989,30.84,53.375,999.98,1010558.0
1684465991,30.84,53.375,999.98,1009797.0
1684465993,30.84,53.375,1000.00,1015921.0
1684465996,30.85,53.375,1000.02,1006762.0
1684465998,30.84,53.375,999.96,1006762.0
1684466000,30.85,53.375,1000.02,1009797.0
1684466002,30.85,53.375,1000.04,1006762.0
1684466004,30.85,53.375,999.98,1007519.0
1684466007,30.85,53.375,1000.02,1009797.0
1684466009,30.85,53.375,1000.02,1014383.0
1684466011,30.85,53.375,1000.02,1004498.0
1684466013,30.84,53.375,999.98,1008277.0
1684466015,30.85,53.375,999.98,1007519.0
1684466018,30.85,53.271,999.98,1014383.0
1684466020,30.85,53.271,999.98,1006762.0
1684466022,30.85,53.271,1000.00,1013616.0
1684466024,30.85,53.271,1000.00,1006006.0
1684466026,30.85,53.271,1000.00,1015921.0
1684466029,30.85,53.271,1000.00,1007519.0
1684466031,30.85,53.271,999.96,1009797.0
1684466033,30.85,53.271,999.96,1009036.0
1684466035,30.85,53.271,999.98,1009797.0
1684466037,30.86,53.271,999.96,1009797.0
1684466039,30.85,53.271,999.98,1006762.0
1684466042,30.85,53.271,999.98,1010558.0
1684466044,30.85,53.271,999.96,1002244.0
1684466046,30.86,53.271,999.96,1009797.0
1684466048,30.86,53.271,999.98,1014383.0
1684466050,30.86,53.271,1000.00,1010558.0
1684466053,30.86,53.271,999.98,1009797.0
1684466055,30.86,53.271,999.98,1008277.0
1684466057,30.86,53.271,999.98,1009036.0
1684466059,30.86,53.271,999.96,1012850.0
1684466061,30.86,53.271,999.98,1005251.0
1684466064,30.86,53.271,999.98,1009797.0
1684466066,30.86,53.271,999.96,1006762.0
1684466068,30.86,53.271,999.98,1006762.0
1684466070,30.86,53.271,999.96,1011321.0
1684466072,30.86,53.271,999.94,1005251.0
1684466075,30.86,53.271,999.98,1003745.0
1684466077,30.86,53.271,999.98,1012085.0
1684466079,30.86,53.271,1000.00,1006006.0
1684466081,30.87,53.271,999.96,1006006.0
1684466083,30.86,53.271,999.96,1007519.0
1684466086,30.86,53.271,999.98,1008277.0
1684466088,30.87,53.271,1000.00,1016692.0
1684466090,30.86,53.271,999.96,1012085.0
1684466092,30.86,53.271,999.98,1009797.0
1684466094,30.86,53.271,999.94,1007519.0
1684466096,30.87,53.271,1000.00,1015921.0
1684466099,30.86,53.271,999.98,1007519.0
1684466101,30.86,53.271,1000.00,1009036.0
1684466103,30.87,53.271,1000.02,1008277.0
1684466105,30.87,53.271,999.98,1010558.0
1684466107,30.87,53.271,999.96,1013616.0
1684466110,30.87,53.271,999.98,1009036.0
1684466112,30.87,53.271,999.98,1012085.0
1684466114,30.87,53.271,1000.00,1005251.0
1684466116,30.87,53.271,1000.00,1012085.0
1684466118,30.87,53.271,999.98,1006006.0
1684466121,30.87,53.271,999.98,1012085.0
1684466123,30.87,53.271,999.98,1008277.0
1684466125,30.87,53.271,999.96,1006006.0
1684466127,30.87,53.271,999.96,1009036.0
1684466129,30.88,53.271,999.98,1005251.0
1684466132,30.87,53.271,999.98,1002994.0
1684466134,30.88,53.271,999.98,1010558.0
1684466136,30.88,53.271,999.96,1008277.0
1684466138,30.88,53.271,999.98,1009797.0
1684466140,30.88,53.271,999.98,1008277.0
1684466143,30.88,53.271,1000.00,1006006.0
1684466145,30.88,53.271,999.96,1007519.0
1684466147,30.88,53.271,999.96,1015921.0
1684466149,30.88,53.271,999.96,1005251.0
1684466151,30.88,53.271,999.96,1016692.0
1684466153,30.88,53.271,999.96,1011321.0
1684466156,30.88,53.271,999.96,1009797.0
1684466158,30.88,53.271,999.96,1006762.0
1684466160,30.89,53.271,1000.00,1008277.0
1684466162,30.88,53.271,999.96,1010558.0
1684466164,30.89,53.271,999.96,1009036.0
1684466167,30.88,53.271,999.96,1009036.0
1684466169,30.89,53.271,999.96,1008277.0
1684466171,30.89,53.271,999.98,1010558.0
1684466173,30.89,53.271,999.96,1005251.0
1684466175,30.89,53.271,1000.00,1009797.0
1684466178,30.89,53.271,1000.00,1010558.0
1684466180,30.89,53.271,1000.00,1012085.0
1684466182,30.89,53.271,999.94,1009797.0
1684466184,30.89,53.271,999.96,1007519.0
1684466186,30.89,53.271,1000.00,1007519.0
1684466189,30.89,53.271,999.98,1006762.0
1684466191,30.89,53.271,999.98,1006762.0
1684466193,30.89,53.157,999.98,1018237.0
1684466195,30.89,53.157,1000.02,1009797.0
1684466197,30.89,53.157,999.96,1008277.0
1684466200,30.89,53.157,999.96,1015921.0
1684466202,30.89,53.157,999.96,1006762.0
1684466204,30.89,53.157,999.98,1005251.0
1684466206,30.89,53.157,999.98,1005251.0
1684466208,30.89,53.157,999.96,1008277.0
1684466210,30.89,53.157,999.96,1013616.0
1684466213,30.89,53.049,999.98,1009036.0
1684466215,30.89,53.049,999.98,1005251.0
1684466217,30.89,53.049,999.96,1010558.0
1684466219,30.89,53.049,999.98,1009797.0
1684466221,30.89,53.049,999.98,1008277.0
1684466224,30.89,53.049,999.96,1009797.0
1684466226,30.89,53.049,999.98,1017464.0
1684466228,30.89,53.049,999.96,1011321.0
1684466230,30.89,53.049,999.96,1006006.0
1684466232,30.89,53.049,999.96,1012850.0
1684466235,30.89,53.049,999.98,1009036.0
1684466237,30.89,53.049,999.96,1008277.0
1684466239,30.90,53.049,999.96,1009797.0
1684466241,30.89,53.049,999.98,1009797.0
1684466243,30.89,53.049,999.98,1015152.0
1684466246,30.89,53.049,999.96,1009797.0
1684466248,30.90,53.049,999.98,1006762.0
1684466250,30.89,52.946,999.98,1010558.0
1684466252,30.89,52.946,999.98,1011321.0
1684466254,30.89,52.946,999.98,1009797.0
1684466257,30.89,52.946,999.96,1007519.0
1684466259,30.89,52.946,999.96,1012085.0
1684466261,30.89,52.946,999.94,1012085.0
1684466263,30.90,52.946,999.96,1010558.0
1684466265,30.89,52.946,999.96,1009797.0
1684466267,30.89,52.946,999.94,1010558.0
1684466270,30.90,52.835,999.96,1010558.0
1684466272,30.89,52.835,999.96,1008277.0
1684466274,30.89,52.835,999.94,1011321.0
1684466276,30.90,52.835,999.96,1014383.0
1684466278,30.90,52.835,999.98,1011321.0
1684466281,30.89,52.835,999.98,1011321.0
1684466283,30.90,52.835,999.98,1009036.0
1684466285,30.89,52.730,999.94,1010558.0
1684466287,30.89,52.730,999.98,1011321.0
1684466289,30.89,52.730,999.94,1009036.0
1684466292,30.89,52.730,999.94,1012850.0
1684466294,30.90,52.730,999.96,1006006.0
1684466296,30.90,52.730,999.92,1017464.0
1684466298,30.89,52.730,999.98,1012850.0
1684466300,30.89,52.627,999.94,1014383.0
1684466303,30.89,52.627,999.92,1012850.0
1684466305,30.89,52.627,999.96,1014383.0
1684466307,30.90,52.627,999.94,1008277.0
1684466309,30.89,52.627,999.96,1012850.0
1684466311,30.90,52.627,999.96,1005251.0
1684466314,30.89,52.627,999.98,1013616.0
1684466316,30.89,52.627,999.96,1011321.0
1684466318,30.89,52.627,999.94,1009036.0
1684466320,30.89,52.627,999.92,1009797.0
1684466322,30.90,52.627,999.98,1007519.0
1684466324,30.89,52.526,999.94,1019787.0
1684466327,30.89,52.526,999.96,1012850.0
1684466329,30.89,52.526,999.98,1010558.0
1684466331,30.89,52.526,999.94,1012085.0
1684466333,30.89,52.526,999.96,1014383.0
1684466335,30.89,52.526,999.94,1012850.0
1684466338,30.89,52.526,999.96,1006762.0
1684466340,30.89,52.526,999.96,1013616.0
1684466342,30.89,52.526,999.96,1013616.0
1684466344,30.89,52.526,999.96,1011321.0
1684466346,30.90,52.526,999.96,1013616.0
1684466349,30.89,52.526,999.98,1019011.0
1684466351,30.89,52.526,999.98,1011321.0
1684466353,30.89,52.526,999.98,1014383.0
1684466355,30.89,52.526,999.98,1012085.0
1684466357,30.89,52.526,999.92,1012085.0
1684466360,30.89,52.526,999.96,1011321.0
1684466362,30.89,52.526,999.96,1021341.0
1684466364,30.89,52.526,999.98,1011321.0
1684466366,30.89,52.417,999.96,1013616.0
1684466368,30.89,52.417,999.92,1011321.0
1684466371,30.89,52.417,999.96,1017464.0
1684466373,30.89,52.417,999.96,1009797.0
1684466375,30.89,52.417,999.96,1019787.0
1684466377,30.89,52.417,999.94,1015152.0
1684466379,30.89,52.417,999.98,1012850.0
1684466381,30.89,52.417,999.96,1014383.0
1684466384,30.89,52.417,999.98,1015152.0
1684466386,30.89,52.417,999.96,1012850.0
1684466388,30.89,52.417,999.98,1011321.0
1684466390,30.89,52.417,999.96,1014383.0
1684466392,30.89,52.417,999.94,1013616.0
1684466395,30.89,52.417,999.98,1014383.0
1684466397,30.89,52.316,999.98,1015921.0
1684466399,30.89,52.316,999.98,1020564.0
1684466401,30.89,52.316,999.94,1012850.0
1684466403,30.89,52.316,999.96,1017464.0
1684466406,30.89,52.316,999.96,1012085.0
1684466408,30.89,52.316,999.94,1017464.0
1684466410,30.89,52.316,999.98,1019011.0
1684466412,30.89,52.316,999.96,1015921.0
1684466414,30.89,52.316,999.96,1016692.0
1684466417,30.89,52.316,999.98,1017464.0
1684466419,30.89,52.316,999.98,1015921.0
1684466421,30.89,52.316,999.92,1018237.0
1684466423,30.89,52.316,999.96,1012085.0
1684466425,30.89,52.316,999.98,1016692.0
1684466428,30.89,52.316,999.98,1015921.0
1684466430,30.89,52.316,999.98,1020564.0
1684466432,30.89,52.316,999.98,1012085.0
1684466434,30.89,52.216,999.98,1018237.0
1684466436,30.89,52.216,999.96,1022901.0
1684466438,30.89,52.216,999.98,1014383.0
1684466441,30.89,52.216,999.98,1011321.0
1684466443,30.89,52.216,999.96,1013616.0
1684466445,30.89,52.216,999.96,1017464.0
1684466447,30.89,52.216,999.94,1015921.0
1684466449,30.89,52.216,999.96,1012850.0
1684466452,30.89,52.216,999.96,1020564.0
1684466454,30.89,52.216,1000.00,1019011.0
1684466456,30.89,52.216,999.92,1016692.0
1684466458,30.89,52.216,999.92,1023682.0
1684466460,30.89,52.216,999.98,1018237.0
1684466463,30.89,52.216,999.98,1017464.0
1684466465,30.89,52.216,999.94,1013616.0
1684466467,30.89,52.216,999.96,1015152.0
1684466469,30.89,52.216,999.96,1019011.0
1684466471,30.89,52.216,999.98,1017464.0
1684466474,30.89,52.216,999.98,1015152.0
1684466476,30.89,52.216,999.94,1015921.0
1684466478,30.89,52.216,1000.00,1014383.0
1684466480,30.89,52.216,999.96,1019787.0
1684466482,30.89,52.216,999.96,1019787.0
1684466485,30.89,52.216,999.94,1017464.0
1684466487,30.89,52.216,999.96,1019787.0
1684466489,30.89,52.216,999.94,1015921.0
1684466491,30.89,52.216,999.98,1017464.0
1684466493,30.90,52.216,999.94,1015921.0
1684466495,30.89,52.216,999.92,1017464.0
1684466498,30.90,52.216,999.92,1022901.0
1684466500,30.90,52.216,999.98,1015152.0
1684466502,30.89,52.216,999.94,1010558.0
1684466504,30.90,52.216,999.90,1022901.0
1684466506,30.89,52.216,999.92,1019011.0
1684466509,30.90,52.216,999.94,1012850.0
1684466511,30.90,52.216,999.92,1014383.0
1684466513,30.90,52.216,999.94,1023682.0
1684466515,30.90,52.216,999.96,1022901.0
1684466517,30.89,52.216,999.96,1019011.0
1684466520,30.90,52.216,999.96,1019787.0
1684466522,30.90,52.117,999.94,1014383.0
1684466524,30.90,52.117,999.94,1017464.0
1684466526,30.90,52.117,999.94,1019011.0
1684466528,30.90,52.117,999.92,1019011.0
1684466531,30.90,52.117,999.94,1019787.0
1684466533,30.90,52.117,999.92,1019787.0
1684466535,30.90,52.117,999.90,1021341.0
1684466537,30.90,52.117,999.94,1017464.0
1684466539,30.90,52.117,999.92,1016692.0
1684466542,30.90,52.117,999.90,1024465.0
1684466544,30.90,52.117,999.92,1015921.0
1684466546,30.90,52.117,999.94,1023682.0
1684466548,30.90,52.117,999.92,1018237.0
1684466550,30.90,52.117,999.94,1021341.0
1684466552,30.91,52.117,999.94,1019787.0
1684466555,30.91,52.117,999.92,1022121.0
1684466557,30.91,52.002,999.96,1017464.0
1684466559,30.91,52.002,999.94,1019787.0
1684466561,30.90,52.002,999.90,1022121.0
1684466563,30.90,52.002,999.92,1015921.0
1684466566,30.90,52.002,999.94,1020564.0
1684466568,30.91,52.002,999.96,1023682.0
1684466570,30.90,52.002,999.94,1021341.0
1684466572,30.90,52.002,999.90,1021341.0
1684466574,30.91,52.002,999.98,1025249.0
1684466577,30.91,52.002,999.94,1017464.0
1684466579,30.91,52.002,999.94,1024465.0
1684466581,30.91,52.002,999.94,1017464.0
1684466583,30.91,52.002,999.92,1019011.0
1684466585,30.91,52.002,999.92,1019011.0
1684466588,30.91,52.002,999.92,1020564.0
1684466590,30.90,52.002,999.92,1019011.0
1684466592,30.91,52.002,999.92,1022121.0
1684466594,30.90,52.002,999.90,1019011.0
1684466596,30.91,52.002,999.94,1019011.0
1684466599,30.90,52.002,999.88,1026820.0
1684466601,30.91,52.002,999.92,1031563.0
1684466603,30.91,52.002,999.96,1020564.0
1684466605,30.91,52.002,999.92,1025249.0
1684466607,30.91,52.002,999.92,1017464.0
1684466609,30.91,52.002,999.92,1022901.0
1684466612,30.91,52.002,999.92,1022121.0
1684466614,30.91,52.002,999.90,1028396.0
1684466616,30.91,52.002,999.90,1022121.0
1684466618,30.91,52.002,999.90,1019787.0
1684466620,30.91,52.002,999.90,1022121.0
1684466623,30.91,52.002,999.92,1018237.0
1684466625,30.91,52.002,999.90,1022121.0
1684466627,30.91,52.002,999.92,1025249.0
1684466629,30.91,52.002,999.92,1019787.0
1684466631,30.91,52.002,999.92,1021341.0
1684466634,30.91,52.002,999.92,1022901.0
1684466636,30.91,52.002,999.92,1032357.0
1684466638,30.91,52.002,999.90,1020564.0
1684466640,30.91,52.002,999.92,1026820.0
1684466642,30.92,52.002,999.90,1020564.0
1684466645,30.92,52.002,999.92,1023682.0
1684466647,30.91,52.002,999.90,1025249.0
1684466649,30.91,52.002,999.90,1022901.0
1684466651,30.91,52.002,999.92,1022901.0
1684466653,30.91,52.002,999.92,1020564.0
1684466656,30.92,52.002,999.90,1020564.0
1684466658,30.92,52.002,999.88,1023682.0
1684466660,30.91,52.002,999.92,1024465.0
1684466662,30.92,52.002,999.90,1024465.0
1684466664,30.92,52.002,999.88,1029186.0
1684466666,30.92,52.002,999.90,1030769.0
1684466669,30.92,52.002,999.90,1021341.0
1684466671,30.92,52.002,999.94,1019787.0
1684466673,30.92,52.002,999.94,1028396.0
1684466675,30.92,52.002,999.94,1019011.0
1684466677,30.93,52.002,999.96,1028396.0
1684466680,30.92,52.002,999.98,1022901.0
1684466682,30.92,52.002,999.92,1030769.0
1684466684,30.93,52.002,999.96,1027607.0
1684466686,30.92,52.002,999.96,1022901.0
1684466688,30.93,52.002,999.94,1028396.0
1684466691,30.92,52.002,999.90,1026820.0
1684466693,30.93,52.002,999.92,1026034.0
1684466695,30.93,52.002,999.94,1023682.0
1684466697,30.93,52.002,999.94,1027607.0
1684466699,30.93,52.002,999.96,1022121.0
1684466702,30.93,52.002,999.96,1026034.0
1684466704,30.93,52.002,999.94,1027607.0
1684466706,30.93,51.898,999.96,1024465.0
1684466708,30.93,51.898,999.92,1022901.0
1684466710,30.93,51.898,999.94,1026034.0
1684466713,30.93,51.898,999.96,1021341.0
1684466715,30.93,51.898,999.94,1027607.0
1684466717,30.93,51.898,999.92,1024465.0
1684466719,30.93,51.898,999.94,1025249.0
1684466721,30.93,51.898,999.94,1026034.0
1684466723,30.93,51.898,999.94,1022901.0
1684466726,30.93,51.898,999.96,1026034.0
1684466728,30.93,51.898,999.92,1028396.0
1684466730,30.93,51.898,999.96,1021341.0
1684466732,30.93,51.898,999.94,1029977.0
1684466734,30.93,51.898,999.92,1029977.0
1684466737,30.93,51.898,999.94,1024465.0
1684466739,30.93,51.898,999.96,1026820.0
1684466741,30.93,51.898,999.94,1022901.0
1684466743,30.94,51.898,999.94,1026034.0
1684466745,30.93,51.898,999.92,1026034.0
1684466748,30.94,51.898,999.92,1022121.0
1684466750,30.94,51.898,999.94,1024465.0
1684466752,30.94,51.898,999.92,1026034.0
1684466754,30.94,51.898,999.92,1026034.0
1684466756,30.94,51.898,999.94,1028396.0
1684466759,30.94,51.898,999.92,1026034.0
1684466761,30.94,51.898,999.92,1032357.0
1684466763,30.94,51.898,999.92,1029977.0
1684466765,30.94,51.898,999.94,1029977.0
1684466767,30.94,51.898,999.92,1022901.0
1684466770,30.94,51.898,999.92,1021341.0
1684466772,30.94,51.898,999.94,1026034.0
1684466774,30.94,51.898,999.92,1031563.0
1684466776,30.94,51.898,999.90,1027607.0
1684466778,30.94,51.898,999.90,1029186.0
1684466780,30.94,51.898,999.92,1033153.0
1684466783,30.95,51.898,999.94,1027607.0
1684466785,30.94,51.898,999.88,1024465.0
1684466787,30.95,51.898,999.96,1031563.0
1684466789,30.94,51.898,999.94,1022121.0
1684466791,30.94,51.898,999.94,1026820.0
1684466794,30.94,51.898,999.90,1027607.0
1684466796,30.94,51.898,999.92,1022121.0
1684466798,30.95,51.898,999.94,1026820.0
1684466800,30.94,51.898,999.92,1028396.0
1684466802,30.94,51.898,999.96,1030769.0
1684466805,30.95,51.898,999.94,1029186.0
1684466807,30.95,51.898,999.92,1027607.0
1684466809,30.95,51.898,999.92,1029186.0
1684466811,30.95,51.898,999.94,1029977.0
1684466813,30.95,51.898,999.96,1029186.0
1684466816,30.95,51.898,999.94,1037955.0
1684466818,30.95,51.898,999.92,1027607.0
1684466820,30.95,51.898,999.92,1029977.0
1684466822,30.95,51.898,999.94,1028396.0
1684466824,30.95,51.898,999.92,1029977.0
1684466827,30.95,51.898,999.94,1026820.0
1684466829,30.95,51.898,999.92,1033951.0
1684466831,30.96,51.898,999.92,1032357.0
1684466833,30.95,51.898,999.92,1031563.0
1684466835,30.96,51.898,999.94,1026820.0
1684466838,30.95,51.898,999.94,1026034.0
1684466840,30.95,51.898,999.96,1028396.0
1684466842,30.95,51.898,999.92,1027607.0
1684466844,30.96,51.898,999.92,1027607.0
1684466846,30.96,51.898,999.94,1030769.0
1684466848,30.96,51.898,999.90,1033153.0
1684466851,30.95,51.898,999.96,1029186.0
1684466853,30.95,51.898,999.90,1033951.0
1684466855,30.96,51.898,999.94,1029186.0
1684466857,30.96,51.898,999.92,1026820.0
1684466859,30.96,51.898,999.90,1033951.0
1684466862,30.96,51.898,999.92,1029977.0
1684466864,30.96,51.898,999.90,1023682.0
1684466866,30.96,51.898,999.90,1029977.0
1684466868,30.96,51.898,999.92,1029186.0
1684466870,30.96,51.898,999.94,1025249.0
1684466873,30.96,51.898,999.92,1029977.0
1684466875,30.97,51.898,999.98,1028396.0
1684466877,30.96,51.898,999.90,1033153.0
1684466879,30.97,51.898,999.96,1032357.0
1684466881,30.96,51.788,999.90,1033153.0
1684466884,30.97,51.788,999.96,1028396.0
1684466886,30.96,51.788,999.94,1024465.0
1684466888,30.96,51.788,999.90,1033951.0
1684466890,30.97,51.788,999.96,1030769.0
1684466892,30.96,51.788,999.88,1032357.0
1684466895,30.97,51.788,999.92,1033951.0
1684466897,30.97,51.788,999.98,1029977.0
1684466899,30.96,51.788,999.92,1038760.0
1684466901,30.97,51.788,999.96,1032357.0
1684466903,30.97,51.788,999.92,1028396.0
1684466905,30.97,51.788,999.94,1029186.0
1684466908,30.97,51.788,999.96,1038760.0
1684466910,30.97,51.788,999.94,1032357.0
1684466912,30.97,51.788,999.94,1028396.0
1684466914,30.96,51.788,999.90,1030769.0
1684466916,30.97,51.788,999.96,1029186.0
1684466919,30.97,51.788,999.96,1031563.0
1684466921,30.96,51.788,999.92,1031563.0
1684466923,30.97,51.788,999.96,1024465.0
1684466925,30.97,51.788,999.96,1039566.0
1684466927,30.97,51.788,999.96,1031563.0
1684466930,30.97,51.788,999.96,1031563.0
1684466932,30.97,51.788,999.94,1030769.0
1684466934,30.97,51.788,999.94,1035549.0
1684466936,30.97,51.788,999.94,1028396.0
1684466938,30.97,51.788,999.96,1037152.0
1684466941,30.98,51.788,999.94,1034749.0
1684466943,30.98,51.788,999.94,1031563.0
1684466945,30.97,51.788,999.96,1028396.0
1684466947,30.97,51.788,999.96,1028396.0
1684466949,30.97,51.788,999.96,1032357.0
1684466952,30.97,51.788,999.96,1029186.0
1684466954,30.98,51.788,999.94,1036350.0
1684466956,30.98,51.788,999.94,1030769.0
1684466958,30.97,51.788,999.98,1033153.0
1684466960,30.97,51.788,999.94,1029977.0
1684466962,30.97,51.788,999.94,1033153.0
1684466965,30.98,51.788,999.94,1031563.0
1684466967,30.98,51.788,999.96,1033153.0
1684466969,30.98,51.788,999.96,1034749.0
1684466971,30.98,51.788,999.96,1040373.0
1684466973,30.98,51.788,999.96,1037955.0
1684466976,30.98,51.788,999.94,1034749.0
1684466978,30.98,51.788,999.94,1037152.0
1684466980,30.98,51.788,999.96,1029977.0
1684466982,30.98,51.788,999.98,1035549.0
1684466984,30.98,51.788,999.94,1033951.0
1684466987,30.98,51.788,999.94,1041991.0
1684466989,30.98,51.788,999.94,1034749.0
1684466991,30.98,51.788,999.94,1032357.0
1684466993,30.98,51.788,999.94,1033153.0
1684466995,30.98,51.788,999.96,1028396.0
1684466998,30.99,51.788,999.98,1034749.0
1684467000,30.98,51.788,999.94,1035549.0
1684467002,30.98,51.788,999.94,1037152.0
1684467004,30.98,51.788,999.96,1036350.0
1684467006,30.98,51.788,999.92,1036350.0
1684467009,30.98,51.689,999.94,1033951.0
1684467011,30.98,51.689,999.96,1032357.0
1684467013,30.98,51.689,999.96,1033153.0
1684467015,30.98,51.689,999.94,1036350.0
1684467017,30.98,51.689,999.98,1040373.0
1684467019,30.98,51.689,999.96,1034749.0
1684467022,30.99,51.689,999.98,1035549.0
1684467024,30.98,51.689,999.94,1038760.0
1684467026,30.98,51.689,999.94,1035549.0
1684467028,30.99,51.689,999.98,1038760.0
1684467030,30.98,51.689,999.94,1031563.0
1684467033,30.98,51.689,999.94,1036350.0
1684467035,30.99,51.689,999.98,1032357.0
1684467037,30.99,51.689,999.98,1033153.0
1684467039,30.98,51.689,999.94,1033951.0
1684467041,30.99,51.689,999.96,1038760.0
1684467044,30.99,51.689,999.98,1032357.0
1684467046,30.99,51.689,999.96,1037152.0
1684467048,30.99,51.689,999.96,1031563.0
1684467050,30.99,51.689,999.96,1040373.0
1684467052,30.99,51.689,999.96,1037955.0
1684467055,30.98,51.689,999.92,1037955.0
1684467057,30.99,51.689,999.94,1034749.0
1684467059,30.99,51.689,999.94,1034749.0
1684467061,30.99,51.689,999.92,1041181.0
1684467063,30.99,51.689,999.96,1034749.0
1684467066,30.99,51.689,999.96,1041991.0
1684467068,30.99,51.689,999.98,1034749.0
1684467070,30.99,51.689,999.94,1036350.0
1684467072,30.99,51.689,999.96,1038760.0
1684467074,30.99,51.689,999.96,1037955.0
1684467076,30.99,51.689,999.94,1036350.0
1684467079,30.99,51.689,999.94,1041991.0
1684467081,30.99,51.689,999.96,1035549.0
1684467083,30.99,51.689,999.94,1034749.0
1684467085,30.99,51.689,999.94,1038760.0
1684467087,30.99,51.689,999.96,1036350.0
1684467090,31.00,51.689,999.96,1040373.0
1684467092,30.99,51.689,999.96,1043614.0
1684467094,30.99,51.689,999.94,1039566.0
1684467096,30.99,51.689,999.96,1037955.0
1684467098,30.99,51.689,999.96,1040373.0
1684467101,30.99,51.689,999.94,1041181.0
1684467103,30.99,51.689,999.92,1044427.0
1684467105,30.99,51.689,999.96,1037955.0
1684467107,31.00,51.689,999.94,1038760.0
1684467109,30.99,51.689,999.98,1039566.0
1684467112,30.99,51.689,999.92,1039566.0
1684467114,31.00,51.689,999.94,1043614.0
1684467116,31.00,51.689,999.94,1036350.0
1684467118,31.00,51.689,999.94,1038760.0
1684467120,31.00,51.689,999.94,1044427.0
1684467122,31.00,51.689,999.92,1042802.0
1684467125,31.00,51.689,999.94,1041181.0
1684467127,31.00,51.689,999.94,1039566.0
1684467129,31.00,51.689,999.92,1033153.0
1684467131,31.00,51.689,999.94,1043614.0
1684467133,31.00,51.689,999.94,1046058.0
1684467136,31.01,51.689,999.96,1046058.0
1684467138,31.00,51.689,999.92,1041991.0
1684467140,31.01,51.689,999.96,1041181.0
1684467142,31.00,51.689,999.92,1033153.0
1684467144,31.00,51.689,999.92,1041181.0
1684467147,31.00,51.689,999.94,1043614.0
1684467149,31.01,51.689,999.94,1047694.0
1684467151,31.01,51.689,999.92,1044427.0
1684467153,31.00,51.689,999.92,1039566.0
1684467155,31.01,51.689,999.94,1047694.0
1684467158,31.01,51.689,999.96,1037955.0
1684467160,31.01,51.689,999.94,1044427.0
1684467162,31.01,51.689,999.96,1038760.0
1684467164,31.01,51.689,999.92,1039566.0
1684467166,31.01,51.689,999.92,1039566.0
1684467169,31.01,51.689,999.92,1041991.0
1684467171,31.01,51.689,999.92,1039566.0
1684467173,31.02,51.689,999.94,1036350.0
1684467175,31.02,51.689,999.92,1045242.0
1684467177,31.02,51.689,999.88,1041181.0
1684467180,31.02,51.689,999.90,1044427.0
1684467182,31.02,51.689,999.92,1048513.0
1684467184,31.02,51.689,999.92,1043614.0
1684467186,31.02,51.689,999.92,1043614.0
1684467188,31.02,51.689,999.92,1037955.0
1684467190,31.02,51.689,999.92,1042802.0
1684467193,31.02,51.689,999.88,1041181.0
1684467195,31.02,51.689,999.92,1038760.0
1684467197,31.02,51.689,999.90,1046875.0
1684467199,31.02,51.689,999.90,1040373.0
1684467201,31.02,51.689,999.92,1044427.0
1684467204,31.03,51.803,999.92,1048513.0
1684467206,31.02,51.803,999.92,1046058.0
1684467208,31.02,51.803,999.90,1043614.0
1684467210,31.03,51.803,999.90,1037152.0
1684467212,31.03,51.803,999.94,1046058.0
1684467215,31.02,51.803,999.88,1044427.0
1684467217,31.03,51.803,999.90,1041181.0
1684467219,31.03,51.803,999.90,1044427.0
1684467221,31.03,51.803,999.88,1042802.0
1684467223,31.03,51.803,999.92,1037955.0
1684467226,31.03,51.803,999.88,1040373.0
1684467228,31.04,51.803,999.92,1047694.0
1684467230,31.04,51.803,999.90,1043614.0
1684467232,31.04,51.803,999.90,1047694.0
1684467234,31.03,51.803,999.90,1048513.0
1684467237,31.03,51.803,999.90,1037955.0
1684467239,31.04,51.803,999.92,1041991.0
1684467241,31.04,51.803,999.92,1049334.0
1684467243,31.04,51.803,999.90,1041991.0
1684467245,31.04,51.803,999.90,1043614.0
1684467247,31.04,51.803,999.90,1048513.0
1684467250,31.04,51.803,999.88,1047694.0
1684467252,31.04,51.803,999.92,1054288.0
1684467254,31.04,51.803,999.90,1049334.0
1684467256,31.05,51.803,999.94,1045242.0
1684467258,31.04,51.803,999.90,1050980.0
1684467261,31.04,51.803,999.90,1050157.0
1684467263,31.05,51.803,999.90,1042802.0
1684467265,31.05,51.803,999.92,1042802.0
1684467267,31.05,51.803,999.92,1050157.0
1684467269,31.05,51.803,999.92,1044427.0
1684467272,31.05,51.803,999.92,1041181.0
1684467274,31.05,51.803,999.94,1047694.0
1684467276,31.05,51.803,999.94,1043614.0
1684467278,31.05,51.803,999.94,1041991.0
1684467280,31.05,51.803,999.90,1041991.0
1684467283,31.05,51.803,999.92,1047694.0
1684467285,31.05,51.803,999.90,1044427.0
1684467287,31.05,51.803,999.92,1049334.0
1684467289,31.05,51.803,999.90,1045242.0
1684467291,31.06,51.803,999.92,1041991.0
1684467294,31.05,51.803,999.90,1042802.0
1684467296,31.06,51.803,999.92,1050157.0
1684467298,31.05,51.803,999.88,1050980.0
1684467300,31.06,51.803,999.92,1046058.0
1684467302,31.06,51.803,999.86,1044427.0
1684467304,31.05,51.803,999.90,1043614.0
1684467307,31.06,51.803,999.90,1044427.0
1684467309,31.06,51.803,999.86,1047694.0
1684467311,31.06,51.803,999.88,1049334.0
1684467313,31.06,51.803,999.86,1048513.0
1684467315,31.06,51.803,999.86,1047694.0
1684467318,31.06,51.803,999.88,1041181.0
1684467320,31.06,51.700,999.88,1046875.0
1684467322,31.06,51.700,999.88,1045242.0
1684467324,31.06,51.700,999.90,1047694.0
1684467326,31.07,51.700,999.92,1050157.0
1684467329,31.06,51.700,999.88,1050980.0
1684467331,31.07,51.700,999.88,1046058.0
1684467333,31.07,51.700,999.92,1049334.0
1684467335,31.06,51.700,999.88,1053459.0
1684467337,31.06,51.700,999.88,1046058.0
1684467340,31.07,51.700,999.90,1050157.0
1684467342,31.07,51.700,999.90,1045242.0
1684467344,31.06,51.700,999.88,1054288.0
1684467346,31.07,51.700,999.90,1053459.0
1684467348,31.07,51.700,999.90,1045242.0
1684467351,31.07,51.700,999.88,1049334.0
1684467353,31.07,51.700,999.90,1053459.0
1684467355,31.07,51.700,999.90,1043614.0
1684467357,31.07,51.700,999.88,1053459.0
1684467359,31.07,51.700,999.90,1046058.0
1684467361,31.07,51.700,999.92,1047694.0
1684467364,31.07,51.700,999.92,1054288.0
1684467366,31.07,51.700,999.90,1050980.0
1684467368,31.07,51.700,999.88,1050980.0
1684467370,31.07,51.700,999.88,1047694.0
1684467372,31.07,51.700,999.92,1048513.0
1684467375,31.07,51.700,999.90,1050157.0
1684467377,31.07,51.700,999.88,1056782.0
1684467379,31.07,51.700,999.90,1050980.0
1684467381,31.07,51.700,999.90,1046058.0
1684467383,31.07,51.700,999.88,1055118.0
1684467386,31.07,51.700,999.90,1046058.0
1684467388,31.07,51.595,999.88,1052632.0
1684467390,31.07,51.595,999.90,1048513.0
1684467392,31.08,51.595,999.92,1047694.0
1684467394,31.07,51.595,999.90,1051805.0
1684467397,31.08,51.595,999.92,1050157.0
1684467399,31.07,51.595,999.88,1055950.0
1684467401,31.07,51.595,999.90,1050980.0
1684467403,31.08,51.595,999.88,1052632.0
1684467405,31.07,51.595,999.88,1056782.0
1684467408,31.07,51.595,999.92,1059289.0
1684467410,31.08,51.595,999.90,1056782.0
1684467412,31.08,51.595,999.88,1055950.0
1684467414,31.08,51.595,999.90,1047694.0
1684467416,31.08,51.595,999.90,1052632.0
1684467418,31.08,51.595,999.88,1054288.0
1684467421,31.08,51.595,999.88,1050157.0
1684467423,31.08,51.595,999.88,1057616.0
1684467425,31.08,51.595,999.88,1048513.0
1684467427,31.08,51.595,999.88,1052632.0
1684467429,31.08,51.595,999.90,1050980.0
1684467432,31.08,51.595,999.90,1051805.0
1684467434,31.07,51.477,999.90,1047694.0
1684467436,31.08,51.477,999.88,1052632.0
1684467438,31.08,51.477,999.86,1046875.0
1684467440,31.08,51.477,999.86,1059289.0
1684467443,31.08,51.477,999.94,1050980.0
1684467445,31.08,51.477,999.90,1054288.0
1684467447,31.08,51.477,999.86,1050980.0
1684467449,31.08,51.477,999.86,1050980.0
1684467451,31.08,51.477,999.86,1053459.0
1684467454,31.08,51.477,999.90,1050980.0
1684467456,31.08,51.477,999.88,1049334.0
1684467458,31.08,51.477,999.92,1059289.0
1684467460,31.08,51.477,999.86,1059289.0
1684467462,31.08,51.477,999.90,1057616.0
1684467465,31.08,51.477,999.86,1055950.0
1684467467,31.08,51.477,999.86,1053459.0
1684467469,31.08,51.374,999.92,1055950.0
1684467471,31.08,51.374,999.90,1054288.0
1684467473,31.08,51.374,999.88,1052632.0
1684467475,31.08,51.374,999.94,1054288.0
1684467478,31.08,51.374,999.90,1050157.0
1684467480,31.08,51.374,999.88,1055950.0
1684467482,31.08,51.374,999.90,1050980.0
1684467484,31.08,51.374,999.88,1056782.0
1684467486,31.08,51.374,999.88,1064337.0
1684467489,31.08,51.374,999.92,1056782.0
1684467491,31.08,51.374,999.84,1055950.0
1684467493,31.08,51.374,999.88,1060966.0
1684467495,31.08,51.374,999.94,1060127.0
1684467497,31.08,51.374,999.92,1059289.0
1684467500,31.08,51.374,999.94,1060966.0
1684467502,31.08,51.374,999.90,1054288.0
1684467504,31.08,51.374,999.86,1055118.0
1684467506,31.08,51.374,999.84,1051805.0
1684467508,31.08,51.374,999.88,1055118.0
1684467511,31.08,51.274,999.88,1060966.0
1684467513,31.08,51.274,999.86,1062649.0
1684467515,31.08,51.274,999.88,1055118.0
1684467517,31.08,51.274,999.90,1060966.0
1684467519,31.08,51.274,999.88,1059289.0
1684467522,31.08,51.274,999.86,1055950.0
1684467524,31.08,51.274,999.88,1052632.0
1684467526,31.08,51.274,999.90,1054288.0
1684467528,31.08,51.274,999.88,1058452.0
1684467530,31.08,51.274,999.94,1059289.0
1684467532,31.08,51.274,999.90,1062649.0
1684467535,31.08,51.274,999.94,1054288.0
1684467537,31.08,51.274,999.88,1060127.0
1684467539,31.08,51.274,999.88,1060127.0
1684467541,31.08,51.274,999.90,1060966.0
1684467543,31.08,51.274,999.84,1062649.0
1684467546,31.08,51.274,999.88,1055950.0
1684467548,31.08,51.274,999.86,1057616.0
1684467550,31.08,51.274,999.86,1055950.0
1684467552,31.08,51.274,999.88,1064337.0
1684467554,31.08,51.274,999.86,1063492.0
1684467557,31.08,51.274,999.82,1065183.0
1684467559,31.08,51.274,999.90,1061807.0
1684467561,31.08,51.274,999.88,1063492.0
1684467563,31.08,51.274,999.88,1066030.0
1684467565,31.08,51.274,999.86,1060127.0
1684467568,31.08,51.274,999.88,1060966.0
1684467570,31.08,51.274,999.86,1059289.0
1684467572,31.08,51.274,999.86,1060127.0
1684467574,31.08,51.274,999.86,1062649.0
1684467576,31.08,51.274,999.88,1062649.0
1684467579,31.08,51.274,999.88,1062649.0
1684467581,31.08,51.274,999.88,1060966.0
1684467583,31.08,51.274,999.84,1058452.0
1684467585,31.08,51.274,999.88,1058452.0
1684467587,31.08,51.274,999.88,1057616.0
1684467589,31.08,51.274,999.88,1059289.0
1684467592,31.08,51.274,999.90,1066030.0
1684467594,31.08,51.274,999.88,1066879.0
1684467596,31.08,51.274,999.88,1058452.0
1684467598,31.08,51.274,999.86,1063492.0
1684467600,31.08,51.274,999.88,1063492.0
1684467603,31.08,51.274,999.84,1060966.0
1684467605,31.08,51.274,999.92,1061807.0
1684467607,31.08,51.274,999.92,1061807.0
1684467609,31.09,51.274,999.90,1065183.0
1684467611,31.08,51.374,999.84,1067729.0
1684467614,31.08,51.374,999.86,1066030.0
1684467616,31.08,51.374,999.92,1059289.0
1684467618,31.08,51.374,999.92,1068581.0
1684467620,31.08,51.374,999.88,1062649.0
1684467622,31.09,51.374,999.90,1059289.0
1684467625,31.08,51.374,999.84,1061807.0
1684467627,31.09,51.374,999.92,1069433.0
1684467629,31.09,51.374,999.90,1070288.0
1684467631,31.08,51.374,999.90,1064337.0
1684467633,31.09,51.374,999.92,1068581.0
1684467636,31.09,51.374,999.94,1066879.0
1684467638,31.09,51.374,999.92,1066879.0
